"","County","Date","Population","Cases_Population","New_Cases_Today_10k_Pop","Active_Cases_10k_Pop","Current_Infections","Positive","New_Cases_Today","Recovered","Recovered_Since_Yesterday","Total_Deaths","New_Deaths_Today","Closed","Pct_Deaths_vs_Recoveries","Pct_Recoveries_vs_Deaths","Hospitalized","Hosp_Change_from_Yesterday","Ever_Hospitalized","New_Admits","New_Discharges_Deaths","Pct_Hospitalized","Vent","Ever_on_a_Vent","New_on_Vent","Pct_Vent","Negative","Number_Tested","New_Tests_Dashboard","Tested_Population","Pct_Positive_Cumulative","Pct_Positive_New_to_Dashboard"
"1","Arkansas_all_counties",2020-09-12,3017804,2.27125419676029,2.09092439402957,19.0701583005391,5755,68542,631,61819,574,964,11,62783,1.53544749374831,98.4645525062517,381,-11,4719,41,52,6.62033014769766,83,601,4,21.7847769028871,750290,818832,13723,27.1333724787958,8.37070363639916,4.59811994461852
"2","Arkansas_all_counties",2020-09-11,3017804,2.25034495282,3.66823027605504,18.9309842521251,5713,67911,1107,61245,577,953,13,62198,1.53220360783305,98.4677963921669,392,0,4678,72,72,6.86154384736566,76,597,8,19.3877551020408,737198,805109,8930,26.6786378439421,8.43500693694891,12.3964165733483
"3","Arkansas_all_counties",2020-09-10,3017804,2.21366265005945,1.31883979211374,17.217817989505,5196,66804,398,60668,748,940,12,61608,1.52577587326321,98.4742241267368,392,-19,4606,32,51,7.54426481909161,79,589,3,20.1530612244898,729375,796179,7593,26.3827273076714,8.3905754861658,5.24166995917292
"4","Arkansas_all_counties",2020-09-09,3017804,2.20047425213831,1.27576211046178,18.417365740121,5558,66406,385,59920,660,928,11,60848,1.52511175387852,98.4748882461215,411,2,4574,50,48,7.39474631162289,82,586,7,19.9513381995134,722180,788586,5592,26.1311205101458,8.42089512114088,6.88483547925608
"5","Arkansas_all_counties",2020-09-08,3017804,2.18771663103369,0.974218338898086,19.365074736464,5844,66021,294,59260,503,917,9,60177,1.52383801120029,98.4761619887997,409,10,4524,38,28,6.99863107460643,84,579,8,20.5378973105134,716973,782994,5334,25.945820205686,8.43186537827876,5.51181102362205
"6","Arkansas_all_counties",2020-09-07,3017804,2.17797444764471,1.15978373678344,20.0874543210891,6062,65727,350,58757,462,908,14,59665,1.52183021872119,98.4781697812788,399,10,4486,24,14,6.58198614318707,74,571,3,18.546365914787,711933,777660,5750,25.7690691642002,8.45189414397037,6.08695652173913
"7","Arkansas_all_counties",2020-09-06,3017804,2.16637661027688,2.27648979191492,20.5049764663311,6188,65377,687,58295,327,894,12,59189,1.51041578671713,98.4895842132829,389,4,4462,6,2,6.2863606981254,78,568,2,20.0514138817481,706533,771910,6499,25.5785332645858,8.46951069425192,10.5708570549315
"8","Arkansas_all_counties",2020-09-05,3017804,2.14361171235773,1.70653892698134,19.3518200651865,5840,64690,515,57968,421,882,9,58850,1.49872557349193,98.5012744265081,385,-16,4456,34,50,6.59246575342466,78,566,2,20.2597402597403,700721,765411,6916,25.3631779930042,8.45166845002228,7.4465008675535
"9","Arkansas_all_counties",2020-09-04,3017804,2.12654632308791,3.62515259440308,19.0701583005391,5755,64175,1094,57547,658,873,12,58420,1.49435124957206,98.5056487504279,401,-24,4422,36,60,6.96785403996525,86,564,2,21.4463840399002,694320,758495,11178,25.1340047266158,8.46083362448006,9.7870817677581
"10","Arkansas_all_counties",2020-09-03,3017804,2.09029479714388,3.21094411698043,17.6651631451214,5331,63081,969,56889,628,861,20,57750,1.49090909090909,98.5090909090909,425,-10,4386,45,55,7.97223785406115,91,562,6,21.4117647058824,684236,747317,9868,24.7636029377653,8.4409962572777,9.8196189704094
"11","Arkansas_all_counties",2020-09-02,3017804,2.05818535597408,2.03790570891947,16.6014757751,5010,62112,615,56261,614,841,27,57102,1.47280305418374,98.5271969458163,435,12,4341,35,23,8.68263473053892,90,556,2,20.6896551724138,675337,737449,6424,24.4366101973488,8.42254854233988,9.57347447073474
"12","Arkansas_all_counties",2020-09-01,3017804,2.03780629888488,0.90463131469108,16.687631138404,5036,61497,273,55647,686,814,17,56461,1.44170312250934,98.5582968774907,423,3,4306,93,90,8.39952343129468,85,554,12,20.0945626477541,669528,731025,665109,24.2237401766318,8.41243459526008,0.0410459037541215
"13","Arkansas_all_counties",2020-08-31,3017804,2.02875998573797,1.2194297575323,18.1125083007379,5466,61224,368,54961,553,797,13,55758,1.42939129810969,98.5706087018903,420,29,4213,31,2,7.68386388583974,87,542,1,20.7142857142857,665811,727035,14348,24.0915248306384,8.42105263157895,2.56481739615277
"14","Arkansas_all_counties",2020-08-30,3017804,2.01656568816265,1.58393321766424,18.7686145289754,5664,60856,478,54408,275,784,12,55192,1.42049572401797,98.579504275982,391,7,4182,5,-2,6.90324858757062,84,541,1,21.4833759590793,651831,712687,5717,23.6160797719136,8.53895188210252,8.36102851145706
"15","Arkansas_all_counties",2020-08-29,3017804,2.00072635598601,2.63436591640809,18.1357039754736,5473,60378,795,54133,468,772,16,54905,1.4060650214006,98.5939349785994,384,-23,4177,35,58,7.01626164809063,90,540,2,23.4375,646592,706970,8915,23.4266373826796,8.54039068135847,8.91755468311834
"16","Arkansas_all_counties",2020-08-28,3017804,1.97438269682193,2.77685363264148,17.105153283646,5162,59583,838,53665,1000,756,17,54421,1.38916962202091,98.6108303779791,407,-26,4142,41,67,7.8845408756296,95,538,5,23.3415233415233,638472,698055,8027,23.1312238965818,8.53557384446784,10.4397657904572
"17","Arkansas_all_counties",2020-08-27,3017804,1.94661416049551,2.39246816559326,17.6982998233152,5341,58745,722,52665,764,739,7,53404,1.38379147629391,98.6162085237061,433,-2,4101,40,42,8.10709604942894,99,533,8,22.8637413394919,631283,690028,6755,22.86523578072,8.51342264371881,10.6883789785344
"18","Arkansas_all_counties",2020-08-26,3017804,1.92268947883958,2.15057041477843,17.8606695464649,5390,58023,649,51901,550,732,21,52633,1.39076244941387,98.6092375505861,435,-7,4061,48,55,8.07050092764378,108,525,11,24.8275862068966,625250,683273,4716,22.6413975195208,8.49192050615201,13.7616624257846
"19","Arkansas_all_counties",2020-08-25,3017804,1.9011837746918,1.590560553303,17.6022034565532,5312,57374,480,51351,662,711,15,52062,1.36567938227498,98.634320617725,442,-24,4013,51,75,8.32078313253012,108,514,7,24.4343891402715,621183,678557,4853,22.4851249451588,8.45529557575856,9.89078920255512
"20","Arkansas_all_counties",2020-08-24,3017804,1.88527816915877,1.060373702202,18.2549960169713,5509,56894,320,50689,438,696,9,51385,1.35448087963413,98.6455191203659,466,-34,3962,42,76,8.45888546015611,108,507,5,23.175965665236,616810,673704,2878,22.3243126458842,8.44495505444528,11.1188325225851
"21","Arkansas_all_counties",2020-08-23,3017804,1.87467443213675,1.24262543226797,18.6758318300327,5636,56574,375,50251,487,687,13,50938,1.34869841768424,98.6513015823158,500,8,3920,12,4,8.87154009936125,110,502,0,22,614252,670826,5501,22.2289452860424,8.43348349646555,6.8169423741138
"22","Arkansas_all_counties",2020-08-22,3017804,1.86224817781407,1.81257629720154,19.0900403074554,5761,56199,547,49764,629,674,11,50438,1.33629406399937,98.6637059360006,492,-17,3908,52,69,8.54018399583406,108,502,3,21.9512195121951,609126,665325,6734,22.0466604192983,8.44684928418442,8.12295812295812
"23","Arkansas_all_counties",2020-08-21,3017804,1.84412241484205,2.93922335579116,19.3982114146578,5854,55652,887,49135,677,663,22,49798,1.33137877023174,98.6686212297683,509,10,3856,66,56,8.69490946361462,120,499,11,23.5756385068762,602939,658591,10082,21.8235180283411,8.4501610255834,8.79785756794287
"24","Arkansas_all_counties",2020-08-20,3017804,1.81473018128414,1.8192036328403,18.7752418646141,5666,54765,549,48458,792,641,10,49099,1.30552557078556,98.6944744292144,499,0,3790,47,47,8.80691846099541,108,488,5,21.6432865731463,593744,648509,7229,21.4894340387911,8.4447555855046,7.59441139853368
"25","Arkansas_all_counties",2020-08-19,3017804,1.79653814495574,2.41566384032893,19.6135998229176,5919,54216,729,47666,696,631,12,48297,1.3064993684908,98.6935006315092,499,7,3743,48,41,8.43047812130427,114,483,5,22.8456913827655,587064,641280,4550,21.2498889921281,8.45434131736527,16.021978021978
"26","Arkansas_all_counties",2020-08-18,3017804,1.77238150655245,1.35860380594631,19.5440127987106,5898,53487,410,46970,837,619,16,47589,1.30072075479628,98.6992792452037,492,6,3695,74,68,8.34181078331638,122,478,6,24.7967479674797,583243,636730,4078,21.0991171063462,8.40026384809888,10.0539480137322
"27","Arkansas_all_counties",2020-08-17,3017804,1.75879546849298,1.36523114158507,21.0119676426965,6341,53077,412,46133,561,603,4,46736,1.29022595001712,98.7097740499829,486,8,3621,51,43,7.66440624507175,120,472,12,24.6913580246914,579575,632652,10602,20.9639857326718,8.38960439546544,3.88605923410677
"28","Arkansas_all_counties",2020-08-16,3017804,1.74514315707713,2.23009844244358,21.5189588190618,6494,52665,673,45572,667,599,-1,46171,1.29735115115549,98.7026488488445,478,14,3570,8,-6,7.36064059131506,120,460,0,25.1046025104602,569385,622050,5949,20.612670670461,8.46636122498191,11.3128256849891
"29","Arkansas_all_counties",2020-08-15,3017804,1.7228421726527,-1.3254671277525,21.4957631443261,6487,51992,-400,44905,-541,600,13,45505,1.31853642456873,98.6814635754313,464,-2,3562,-46,-44,7.15276707260675,108,460,-7,23.2758620689655,564109,616101,27441,20.415540571886,8.43887609336781,-1.45767282533435
"30","Arkansas_all_counties",2020-08-14,3017804,1.73609684393022,2.07435605493266,21.0716136634453,6359,52392,626,45446,844,587,5,46033,1.27517215910325,98.7248278408968,466,-7,3608,42,49,7.32819625727316,113,467,1,24.2489270386266,536268,588660,5180,19.5062369855696,8.90021404545918,12.0849420849421
"31","Arkansas_all_counties",2020-08-13,3017804,1.7153532833809,2.16051141823657,21.8105615871674,6582,51766,652,44602,786,582,9,45184,1.28806657223796,98.711933427762,473,-13,3566,94,107,7.18626557277423,112,466,11,23.6786469344609,531714,583480,4692,19.3345889925257,8.87194076917804,13.8959931798806
"32","Arkansas_all_counties",2020-08-12,3017804,1.69374816919853,2.32950847702502,22.2844160853389,6725,51114,703,43816,828,573,7,44389,1.29086034828448,98.7091396517155,486,-21,3472,71,92,7.22676579925651,113,455,5,23.2510288065844,527674,578788,5920,19.1791116984403,8.83121281021721,11.875
"33","Arkansas_all_counties",2020-08-11,3017804,1.67045308442828,1.26913477482302,22.7218202374972,6857,50411,383,42988,858,566,11,43554,1.29953620792579,98.7004637920742,507,-1,3401,65,66,7.39390403966749,116,450,7,22.879684418146,522457,572868,3548,18.982942563533,8.79975840856881,10.7948139797069
"34","Arkansas_all_counties",2020-08-10,3017804,1.65776173668005,2.1373157435009,24.3322627977165,7343,50028,645,42130,678,555,11,42685,1.30022256061848,98.6997774393815,508,-6,3336,48,54,6.91815334332017,117,443,5,23.0314960629921,519292,569320,5489,18.8653736293013,8.78732523009907,11.7507742758244
"35","Arkansas_all_counties",2020-08-09,3017804,1.63638857924504,1.89541799268607,24.4780641817693,7387,49383,572,41452,475,544,9,41996,1.29536146299648,98.7046385370035,514,17,3288,4,-13,6.95816975768242,115,438,1,22.3735408560311,514448,563831,5757,18.6834864026955,8.7584755006376,9.93573041514678
"36","Arkansas_all_counties",2020-08-08,3017804,1.61743439931818,2.55815155656232,24.1864614136637,7299,48811,772,40977,617,535,14,41512,1.2887839660821,98.7112160339179,497,-26,3284,61,87,6.80915193862173,117,437,2,23.5412474849095,509263,558074,6551,18.4927185463337,8.74633113171372,11.7844603877271
"37","Arkansas_all_counties",2020-08-07,3017804,1.59185288375256,3.35011816539444,23.719234251131,7158,48039,1011,40360,805,521,6,40881,1.27443066461192,98.7255693353881,523,9,3223,55,46,7.30651019837944,116,435,6,22.1797323135755,503484,551523,7160,18.275640167486,8.71024417839329,14.1201117318436
"38","Arkansas_all_counties",2020-08-06,3017804,1.55835170209861,2.43554584724522,23.0565006872547,6958,47028,735,39555,707,515,7,40070,1.28525081108061,98.7147491889194,514,-2,3168,50,52,7.38718022420236,111,429,5,21.5953307392996,497335,544363,5262,18.0383815516183,8.63908825544719,13.9680729760547
"39","Arkansas_all_counties",2020-08-05,3017804,1.53399624362616,3.0220650512757,22.9869136630477,6937,46293,912,38848,848,508,18,39356,1.29078158349426,98.7092184165057,516,-10,3118,64,74,7.43837393686031,106,424,10,20.5426356589147,492808,539101,5202,17.8640163509625,8.58707366523156,17.5317185697809
"40","Arkansas_all_counties",2020-08-04,3017804,1.5037755931134,2.5979155703949,22.8344849433562,6891,45381,784,38000,760,490,15,38490,1.27305793712653,98.7269420628735,526,13,3054,88,75,7.63314468146858,101,414,11,19.2015209125475,488518,533899,6499,17.6916393509983,8.49992226994244,12.0633943683644
"41","Arkansas_all_counties",2020-08-03,3017804,1.47779643740945,2.60785657385304,22.8046619329817,6882,44597,787,37240,664,475,11,37715,1.25944584382872,98.7405541561713,513,-2,2966,57,59,7.45422842197036,108,403,6,21.0526315789474,482803,527400,7659,17.4762840794167,8.45601061812666,10.2754928841885
"42","Arkansas_all_counties",2020-08-02,3017804,1.45171787167092,2.11080640094585,22.433531137211,6770,43810,637,36576,542,464,6,37040,1.25269978401728,98.7473002159827,515,16,2909,15,-1,7.60709010339734,106,397,0,20.5825242718447,475931,519741,5160,17.2224902611303,8.4291983891977,12.3449612403101
"43","Arkansas_all_counties",2020-08-01,3017804,1.43060980766147,2.19364809643038,22.1386147012861,6681,43173,662,36034,621,458,5,36492,1.25506960429683,98.7449303957032,499,-8,2894,42,50,7.46894177518336,104,397,2,20.8416833667335,471408,514581,NA,17.0515050016502,8.389932780262,NA
"44","Arkansas_all_counties",2020-07-31,3017804,1.40867332669716,2.4918782001747,22.0193226597884,6645,42511,752,35413,676,453,11,35866,1.26303462889645,98.7369653711036,507,3,2852,47,44,7.62979683972912,100,395,3,19.723865877712,NA,NA,NA,NA,NA,NA
"45","Arkansas_all_counties",2020-07-30,3017804,1.38375454469541,2.62111124513057,21.8039342515286,6580,41759,791,34737,799,442,8,35179,1.25643139372921,98.7435686062708,504,-4,2805,58,62,7.65957446808511,101,392,5,20.0396825396825,460958,502717,7112,16.6583714515588,8.30666160086092,11.1220472440945
"46","Arkansas_all_counties",2020-07-29,3017804,1.35754343224411,2.60785657385304,21.8569529366387,6596,40968,787,33938,750,434,6,34372,1.26265564994763,98.7373443500524,508,7,2747,61,54,7.70163735597332,108,387,10,21.259842519685,454637,495605,5699,16.4227033962444,8.26626042917243,13.8094402526759
"47","Arkansas_all_counties",2020-07-28,3017804,1.33146486650558,2.43223217942583,21.7542292342379,6565,40181,734,33188,823,428,20,33616,1.27320323655402,98.726796763446,501,12,2686,62,50,7.63137852246763,110,377,8,21.9560878243513,449725,489906,5015,16.2338574672179,8.20177748384384,14.6360917248255
"48","Arkansas_all_counties",2020-07-27,3017804,1.30714254471132,2.73046228317015,22.1154190265504,6674,39447,824,32365,743,408,7,32773,1.2449272266805,98.7550727733195,489,9,2624,43,34,7.32694036559784,110,369,9,22.4948875255624,445444,484891,7624,16.0676770260759,8.135230391985,10.8079748163694
"49","Arkansas_all_counties",2020-07-26,3017804,1.27983792187962,2.12737474004276,21.8702076079162,6600,38623,642,31622,539,401,2,32023,1.25222496330762,98.7477750366924,480,1,2581,39,38,7.27272727272727,103,360,2,21.4583333333333,438644,477267,6869,15.8150429915263,8.09253520566056,9.34633862279808
"50","Arkansas_all_counties",2020-07-25,3017804,1.25856417447919,2.42560484378707,21.5355271581587,6499,37981,732,31083,1256,399,5,31482,1.2673908900324,98.7326091099676,479,-18,2542,53,71,7.37036467148792,104,358,7,21.7118997912317,432417,470398,8934,15.587427149013,8.07422650606508,8.19341840161182
"51","Arkansas_all_counties",2020-07-24,3017804,1.23430812604132,3.28053114118743,23.2884574346114,7028,37249,990,29827,963,394,8,30221,1.30372919493068,98.6962708050693,497,17,2489,68,51,7.07171314741036,109,351,NA,21.9315895372233,424215,461464,7780,15.2913840660295,8.07191893625505,12.7249357326478
"52","Arkansas_all_counties",2020-07-23,3017804,1.20150281462945,3.3567455010332,23.2254977460431,7009,36259,1013,28864,874,386,6,29250,1.31965811965812,98.6803418803419,480,6,2421,60,54,6.848337851334,107,NA,NA,22.2916666666667,417425,453684,8217,15.0335807096816,7.99212667848106,12.3281002799075
"53","Arkansas_all_counties",2020-07-22,3017804,1.16793535961911,1.95837768125432,22.7847799260654,6876,35246,591,27990,707,380,6,28370,1.33944307366937,98.6605569263306,474,-14,2361,44,58,6.8935427574171,107,329,6,22.5738396624473,410221,445467,5832,14.7612966249631,7.91214612979188,10.1337448559671
"54","Arkansas_all_counties",2020-07-21,3017804,1.14835158280657,2.41235017250955,23.18904740003,6998,34655,728,27283,886,374,11,27657,1.3522797121886,98.6477202878114,488,17,2317,60,43,6.97342097742212,110,323,7,22.5409836065574,404980,439635,6819,14.5680435177367,7.88267540118507,10.6760522070685
"55","Arkansas_all_counties",2020-07-20,3017804,1.12422808108148,2.31625380574749,23.7490572615054,7167,33927,699,26397,545,363,6,26760,1.35650224215247,98.6434977578475,471,18,2257,55,37,6.5717873587275,111,316,7,23.5668789808917,398889,432816,7359,14.3420845091331,7.83866585338805,9.49857317570322
"56","Arkansas_all_counties",2020-07-19,3017804,1.101065543024,2.30299913446997,23.258634424237,7019,33228,695,25852,560,357,0,26209,1.36212751344958,98.6378724865504,453,0,2202,25,25,6.4539108135062,105,309,2,23.1788079470199,392229,425457,6286,14.0982316943049,7.80995494256764,11.0563156220172
"57","Arkansas_all_counties",2020-07-18,3017804,1.0780355516793,2.55483788874294,22.8112892686205,6884,32533,771,25292,516,357,4,25649,1.39186712932278,98.6081328706772,453,-11,2177,42,53,6.58047646717025,97,307,3,21.4128035320088,386638,419171,6166,13.8899345351786,7.76127165285766,12.5040544923776
"58","Arkansas_all_counties",2020-07-17,3017804,1.05248717279187,2.14725674695905,21.9795586459558,6633,31762,648,24776,581,353,12,25129,1.40475148235107,98.5952485176489,464,-6,2135,65,71,6.99532639831147,97,304,6,20.9051724137931,381243,413005,6156,13.6856137774355,7.69046379583782,10.5263157894737
"59","Arkansas_all_counties",2020-07-16,3017804,1.03101460532228,2.70726660843448,21.7973069158898,6578,31114,817,24195,672,341,6,24536,1.38979458754483,98.6102054124552,470,12,2070,76,64,7.14502888415932,101,298,12,21.4893617021277,375735,406849,6705,13.4816243864744,7.64755474389761,12.1849366144668
"60","Arkansas_all_counties",2020-07-15,3017804,1.00394193923794,1.86890865013102,21.3367070889958,6439,30297,564,23523,679,335,4,23858,1.40414116858077,98.5958588314192,458,13,1994,46,33,7.11290573070353,94,286,7,20.5240174672489,369847,400144,4932,13.2594429591849,7.57152425126954,11.4355231143552
"61","Arkansas_all_counties",2020-07-14,3017804,0.985252852736626,2.63105224858871,21.7310335595022,6558,29733,794,22844,738,331,8,23175,1.42826321467098,98.571736785329,445,6,1948,76,70,6.78560536749009,91,279,6,20.4494382022472,365479,395212,5707,13.096012862333,7.52330394826068,13.9127387418959
"62","Arkansas_all_counties",2020-07-13,3017804,0.958942330250739,1.89541799268607,21.5719775041719,6510,28939,572,22106,515,323,2,22429,1.44009987070311,98.5599001292969,439,19,1872,36,17,6.74347158218126,89,273,4,20.2733485193622,360566,389505,7103,12.9069018398809,7.42968639683701,8.05293537941715
"63","Arkansas_all_counties",2020-07-12,3017804,0.939988150323878,1.66677491314877,21.3897257741059,6455,28367,503,21591,401,321,2,21912,1.46495071193866,98.5350492880613,420,8,1836,14,6,6.50658404337723,82,269,3,19.5238095238095,354035,382402,5837,12.6715320146703,7.41810973791978,8.6174404659928
"64","Arkansas_all_counties",2020-07-11,3017804,0.92332040119239,3.5158015563635,21.0583589921678,6355,27864,1061,21190,548,319,6,21509,1.48310009763355,98.5168999023664,412,10,1822,42,32,6.48308418568057,84,266,1,20.3883495145631,348701,376565,6916,12.478113224053,7.39951933929069,15.3412377096588
"65","Arkansas_all_counties",2020-07-10,3017804,0.888162385628755,2.48856453235532,19.3783294077415,5848,26803,751,20642,650,313,4,20955,1.49367692674779,98.5063230732522,402,8,1780,37,29,6.87414500683995,84,265,5,20.8955223880597,342846,369649,4988,12.2489399576646,7.25093264150586,15.056134723336
"66","Arkansas_all_counties",2020-07-09,3017804,0.863276740305202,2.67081626242128,19.0569036292615,5751,26052,806,19992,596,309,4,20301,1.52209250775824,98.4779074922418,394,36,1743,38,2,6.8509824378369,82,260,6,20.8121827411168,338609,364661,5744,12.0836542068338,7.14416951634532,14.0320334261838
"67","Arkansas_all_counties",2020-07-08,3017804,0.836568577680989,2.43223217942583,18.374288058469,5545,25246,734,19396,671,305,4,19701,1.54814476422517,98.4518552357748,358,-11,1705,50,61,6.45626690712354,79,254,0,22.0670391061453,333671,358917,5645,11.8933171272886,7.03393820855518,13.0026572187777
"68","Arkansas_all_counties",2020-07-07,3017804,0.812246255886731,0.858239965219743,18.1787816571255,5486,24512,259,18725,891,301,9,19026,1.58204562178072,98.4179543782193,369,32,1655,51,19,6.72621217644914,83,254,7,22.4932249322493,328760,353272,2876,11.7062605788845,6.93856292035599,9.00556328233658
"69","Arkansas_all_counties",2020-07-06,3017804,0.803663856234533,1.45470017270837,20.3028427293489,6127,24253,439,17834,701,292,5,18126,1.61094560300121,98.3890543969988,337,12,1604,29,17,5.50024481801861,81,247,2,24.0356083086053,326143,350396,5867,11.6109594923991,6.92159727850775,7.48252940173854
"70","Arkansas_all_counties",2020-07-05,3017804,0.78911685450745,2.00476903072565,21.1875920371237,6394,23814,605,17133,407,287,1,17420,1.64753157290471,98.3524684270953,325,20,1575,39,19,5.08289020957147,75,245,5,23.0769230769231,320715,344529,5636,11.416546601436,6.91204513988663,10.7345635202271
"71","Arkansas_all_counties",2020-07-04,3017804,0.769069164200193,1.94512300997679,20.5347994767056,6197,23209,587,16726,562,286,5,17012,1.6811662355984,98.3188337644016,305,24,1536,0,-24,4.92173632402776,69,240,0,22.6229508196721,315684,338893,7656,11.2297882831357,6.84847429719705,7.66718913270637
"72","Arkansas_all_counties",2020-07-03,3017804,0.749617934100425,1.81257629720154,20.468526120318,6177,22622,547,16164,466,281,2,16445,1.70872605655214,98.2912739434478,281,9,1536,19,10,4.54913388376234,70,240,4,24.9110320284698,308615,331237,7250,10.9760938748839,6.82955104653164,7.5448275862069
"73","Arkansas_all_counties",2020-07-02,3017804,0.73149217112841,2.90940034541673,20.2067463625868,6098,22075,878,15698,535,279,2,15977,1.74626024910809,98.2537397508919,272,-3,1517,40,43,4.46047884552312,69,236,5,25.3676470588235,301912,323987,9129,10.7358529579787,6.81354498791618,9.61770182933509
"74","Arkansas_all_counties",2020-07-01,3017804,0.702398167674243,1.39174048414012,19.0767856361778,5757,21197,420,15163,632,277,7,15440,1.7940414507772,98.2059585492228,275,-15,1477,29,44,4.77679346882057,72,231,7,26.1818181818182,293661,314858,3655,10.4333482227474,6.73224120079528,11.4911080711354
"75","Arkansas_all_counties",2020-06-30,3017804,0.688480762832841,1.72310726607825,19.8024788886223,5976,20777,520,14531,465,270,5,14801,1.82420106749544,98.1757989325046,290,-10,1448,35,45,4.85274431057564,67,224,4,23.1034482758621,290426,311203,8667,10.312233663949,6.67634952105217,5.99976923964463
"76","Arkansas_all_counties",2020-06-29,3017804,0.671249690172059,1.45470017270837,19.6367954976533,5926,20257,439,14066,430,265,1,14331,1.84913823180518,98.1508617681948,300,17,1413,33,16,5.06243671954101,63,220,9,21,282279,302536,5432,10.0250380740432,6.6957320781659,8.08173784977909
"77","Arkansas_all_counties",2020-06-28,3017804,0.656702688444975,1.68334325224567,19.6102861550982,5918,19818,508,13636,366,264,5,13900,1.89928057553957,98.1007194244604,283,5,1380,7,2,4.78202095302467,66,211,1,23.321554770318,277286,297104,5882,9.84503963809446,6.67039151273628,8.63651819109147
"78","Arkansas_all_counties",2020-06-27,3017804,0.639869255922519,1.88879065704731,19.156313663843,5781,19310,570,13270,486,259,10,13529,1.91440609062015,98.0855939093799,278,-6,1373,36,42,4.80885659920429,63,210,2,22.6618705035971,271912,291222,8257,9.65012969695845,6.63068037442226,6.90323361995882
"79","Arkansas_all_counties",2020-06-26,3017804,0.620981349352045,2.24666678154048,18.9111022452088,5707,18740,678,12784,657,249,7,13033,1.91053479628635,98.0894652037137,284,0,1337,37,37,4.97634483967058,63,208,5,22.1830985915493,264225,282965,5585,9.37652014511214,6.62272719240895,12.1396598030439
"80","Arkansas_all_counties",2020-06-25,3017804,0.598514681536641,2.27648979191492,18.8647108957374,5693,18062,687,12127,559,242,2,12369,1.95650416363489,98.0434958363651,284,17,1300,55,38,4.98858246969963,66,203,9,23.2394366197183,259318,277380,7399,9.1914517973997,6.51164467517485,9.28503851871874
"81","Arkansas_all_counties",2020-06-24,3017804,0.575749783617491,2.30962647010873,18.4471887504954,5567,17375,697,11568,348,240,3,11808,2.03252032520325,97.9674796747967,267,19,1245,31,12,4.7961199928148,58,194,5,21.7228464419476,252606,269981,5489,8.94627351544368,6.43563806341928,12.6981235197668
"82","Arkansas_all_counties",2020-06-23,3017804,0.552653518916404,1.97163235253184,17.3006596849895,5221,16678,595,11220,427,237,10,11457,2.06860434668761,97.9313956533124,248,11,1214,26,15,4.75004788354721,57,189,3,22.9838709677419,247814,264492,8153,8.76438628883784,6.30567276136896,7.2979271433828
"83","Arkansas_all_counties",2020-06-22,3017804,0.532937195391086,1.72973460171701,16.7771001695272,5063,16083,522,10793,337,227,2,11020,2.05989110707804,97.940108892922,237,-7,1188,24,31,4.68101915860162,61,186,0,25.7383966244726,240256,256339,8159,8.49422295152369,6.27411357616282,6.39784287290109
"84","Arkansas_all_counties",2020-06-21,3017804,0.515639849373916,1.38842681632074,16.1706989585805,4880,15561,419,10456,374,225,1,10681,2.10654433105514,97.8934556689449,244,4,1164,12,8,5,62,186,NA,25.4098360655738,232619,248180,5946,8.22386079414037,6.27004593440245,7.04675412041709
"85","Arkansas_all_counties",2020-06-20,3017804,0.501755581210708,1.69328425570382,16.0248975745277,4836,15142,511,10082,370,224,10,10306,2.17349117019212,97.8265088298079,240,9,1152,19,10,4.96277915632754,59,NA,NA,24.5833333333333,227092,242234,7462,8.02683010559997,6.25098045691356,6.84803001876173
"86","Arkansas_all_counties",2020-06-19,3017804,0.48482273865367,2.32950847702502,15.5908070901888,4705,14631,703,9712,336,214,6,9926,2.15595406004433,97.8440459399557,231,5,1133,33,28,4.90967056323061,57,NA,NA,24.6753246753247,220141,234772,6338,7.77956421291774,6.23200381646874,11.091827074787
"87","Arkansas_all_counties",2020-06-18,3017804,0.46152765388342,1.06700103784076,14.3945730073921,4344,13928,322,9376,380,208,11,9584,2.17028380634391,97.8297161936561,226,9,1100,26,17,5.20257826887661,53,NA,NA,23.4513274336283,214506,228434,7735,7.56954394652535,6.09716592101001,4.16289592760181
"88","Arkansas_all_counties",2020-06-17,3017804,0.450857643505012,1.37517214504322,14.6232160869294,4413,13606,415,8996,331,197,9,9193,2.1429348417274,97.8570651582726,217,3,1074,22,19,4.91728982551552,53,NA,NA,24.4239631336406,207093,220699,6296,7.31323174069621,6.16495770257228,6.59148665819568
"89","Arkansas_all_counties",2020-06-16,3017804,0.43710592205458,0.907944982510461,14.3746910004758,4338,13191,274,8665,313,188,6,8853,2.12357392974133,97.8764260702587,214,8,1052,26,18,4.93314891655141,45,NA,NA,21.0280373831776,201212,214403,9111,7.10460321478797,6.15243256857413,3.00735374821644
"90","Arkansas_all_counties",2020-06-15,3017804,0.428026472229475,1.3784858128626,14.523806052348,4383,12917,416,8352,242,182,3,8534,2.13264588704008,97.8673541129599,206,5,1026,23,18,4.69997718457677,45,NA,NA,21.8446601941748,192375,205292,8303,6.80269493976415,6.2920133273581,5.01023726363965
"91","Arkansas_all_counties",2020-06-14,3017804,0.41424161410085,1.34534913466879,13.9571688552338,4212,12501,406,8110,247,179,2,8289,2.15948847870672,97.8405115212933,201,-3,1003,5,8,4.77207977207977,45,NA,NA,22.3880597014925,184488,196989,3195,6.52756110072092,6.34603962657813,12.7073552425665
"92","Arkansas_all_counties",2020-06-13,3017804,0.400788122754162,1.81588996502092,13.436923007591,4055,12095,548,7863,256,177,1,8040,2.20149253731343,97.7985074626866,204,1,998,19,18,5.0308261405672,46,NA,NA,22.5490196078431,181699,193794,6777,6.42168941389169,6.2411632971093,8.08617382322562
"93","Arkansas_all_counties",2020-06-12,3017804,0.382629223103952,2.42229117596769,12.472645672151,3764,11547,731,7607,256,176,5,7783,2.26133881536683,97.7386611846332,203,16,979,18,2,5.39319872476089,49,NA,NA,24.1379310344828,175470,187017,6626,6.19712214577222,6.174305009705,11.0322970117718
"94","Arkansas_all_counties",2020-06-11,3017804,0.358406311344275,1.4845231830828,10.9152217970418,3294,10816,448,7351,235,171,6,7522,2.27333156075512,97.7266684392449,187,6,961,36,30,5.67698846387371,45,NA,NA,24.0641711229947,169575,180391,4174,5.97755851606002,5.9958645386965,10.7331097268807
"95","Arkansas_all_counties",2020-06-10,3017804,0.343561079513447,0.954336331981799,10.2292925584299,3087,10368,288,7116,241,165,4,7281,2.26617222908941,97.7338277709106,181,8,925,24,16,5.86329770003239,49,NA,NA,27.0718232044199,165849,176217,5697,5.83924602127905,5.88365481196479,5.05529225908373
"96","Arkansas_all_counties",2020-06-09,3017804,0.33401771619363,1.12664705858962,10.0868048421965,3044,10080,340,6875,245,161,6,7036,2.28823194997157,97.7117680500284,173,2,901,36,34,5.68331143232589,44,NA,NA,25.4335260115607,160440,170520,9933,5.6504663656089,5.91133004926108,3.4229336554918
"97","Arkansas_all_counties",2020-06-08,3017804,0.322751245607733,1.04049169528571,9.79188840627158,2955,9740,314,6630,206,155,1,6785,2.28445099484156,97.7155490051584,171,26,865,21,-5,5.78680203045685,46,NA,NA,26.9005847953216,150847,160587,314,5.32131974110976,6.06524812095624,100
"98","Arkansas_all_counties",2020-06-07,3017804,0.312346328654876,1.0769420412989,9.43732594959779,2848,9426,325,6424,158,154,0,6578,2.34113712374582,97.6588628762542,145,-9,844,6,15,5.09129213483146,35,NA,NA,24.1379310344828,150847,160273,3516,5.3109148241569,5.88121517660492,9.24345847554039
"99","Arkansas_all_counties",2020-06-06,3017804,0.301576908241887,1.49115051872156,8.88394342376112,2681,9101,450,6266,189,154,2,6420,2.398753894081,97.601246105919,154,7,838,31,24,5.74412532637076,36,NA,NA,23.3766233766234,147656,156757,5782,5.19440626362746,5.80580133582551,7.78277412659979
"100","Arkansas_all_counties",2020-06-05,3017804,0.286665403054672,0.748888927180161,8.02570345854138,2422,8651,226,6077,158,152,1,6229,2.44019906887141,97.5598009311286,147,10,807,15,5,6.06936416184971,35,NA,NA,23.8095238095238,142324,150975,3590,5.00280999031084,5.73008776287465,6.29526462395543
"101","Arkansas_all_counties",2020-06-04,3017804,0.27917651378287,1.18629307933849,7.80368771464283,2355,8425,358,5919,202,151,9,6070,2.48764415156507,97.5123558484349,137,-1,792,35,36,5.81740976645435,32,NA,NA,23.3576642335766,138960,147385,4905,4.88384931559505,5.71632119957933,7.2986748216106
"102","Arkansas_all_counties",2020-06-03,3017804,0.267313582989485,0.82510328702593,7.31657854519379,2208,8067,249,5717,150,142,6,5859,2.42362177846049,97.5763782215395,138,6,757,26,20,6.25,30,NA,NA,21.7391304347826,134413,142480,3580,4.7213139090544,5.66184727681078,6.95530726256983
"103","Arkansas_all_counties",2020-06-02,3017804,0.259062550119226,1.24262543226797,7.00840743799133,2115,7818,375,5567,166,136,3,5703,2.38470980185867,97.6152901981413,132,11,731,13,2,6.24113475177305,31,NA,NA,23.4848484848485,131082,138900,5664,4.60268460112055,5.62850971922246,6.62076271186441
"104","Arkansas_all_counties",2020-06-01,3017804,0.246636295796546,0.629596885682437,6.3257918671988,1909,7443,190,5401,126,133,0,5534,2.40332490061438,97.5966750993856,121,6,718,7,1,6.33839706652698,26,NA,NA,21.4876033057851,125793,133236,3721,4.4149984558308,5.5863280194542,5.10615425960763
"105","Arkansas_all_counties",2020-05-31,3017804,0.240340326939722,0.795280276651499,6.1137171267584,1845,7253,240,5275,109,133,0,5408,2.45931952662722,97.5406804733728,115,11,711,9,-2,6.23306233062331,27,NA,NA,23.4782608695652,122262,129515,3018,4.29169687627162,5.60012353781415,7.95228628230616
"106","Arkansas_all_counties",2020-05-30,3017804,0.232387524173207,0.782025605373974,5.67962664241946,1714,7013,236,5166,220,133,1,5299,2.50990752972259,97.4900924702774,104,-9,702,25,34,6.06767794632439,26,NA,NA,25,119484,126497,3607,4.19169038148269,5.54400499616592,6.54283337953978
"107","Arkansas_all_counties",2020-05-29,3017804,0.224567268119467,0.791966608832118,5.62992162512874,1699,6777,239,4946,363,132,7,5078,2.59944860181174,97.4005513981883,113,9,677,10,1,6.65097115950559,24,NA,NA,21.2389380530973,116113,122890,3122,4.07216638323761,5.51468793229718,7.65534913516976
"108","Arkansas_all_counties",2020-05-28,3017804,0.216647602031146,0.864867300858505,6.06401210946768,1830,6538,261,4583,159,125,5,4708,2.65505522514868,97.3449447748513,104,-4,667,27,31,5.68306010928962,27,NA,NA,25.9615384615385,113230,119768,1127,3.96871367391653,5.45888718188498,23.1588287488909
"109","Arkansas_all_counties",2020-05-27,3017804,0.207998929022561,0.321425778479981,5.7425863309877,1733,6277,97,4424,92,120,1,4544,2.64084507042254,97.3591549295775,108,1,640,13,12,6.23196768609348,22,NA,NA,20.3703703703704,112364,118641,3142,3.9313686375921,5.29075108942103,3.08720560152769
"110","Arkansas_all_counties",2020-05-26,3017804,0.204784671237761,0.500363840726568,5.72933165971017,1729,6180,151,4332,83,119,2,4451,2.67355650415637,97.3264434958436,107,8,627,10,2,6.18854829381145,18,NA,NA,16.8224299065421,109319,115499,3877,3.82725319470714,5.35069567701885,3.89476399277792
"111","Arkansas_all_counties",2020-05-25,3017804,0.199781032830495,0.354562456673793,5.51062958363101,1663,6029,107,4249,101,117,1,4366,2.67979844251031,97.3202015574897,99,7,617,12,5,5.95309681298858,17,NA,NA,17.1717171717172,105593,111622,3041,3.69878229334973,5.40126498360538,3.51857941466623
"112","Arkansas_all_counties",2020-05-24,3017804,0.196235408263757,0.487109169449043,5.4940612445341,1658,5922,147,4148,52,116,1,4264,2.72045028142589,97.2795497185741,92,6,605,7,1,5.54885404101327,17,NA,NA,18.4782608695652,102659,108581,1987,3.59801365496235,5.45399287168105,7.3980875691998
"113","Arkansas_all_counties",2020-05-23,3017804,0.191364316569267,0.540127854559143,5.18257646951227,1564,5775,163,4096,67,115,2,4211,2.73094276893849,97.2690572310615,86,5,598,8,3,5.49872122762148,17,NA,NA,19.7674418604651,100819,106594,3547,3.53217107539124,5.41775334446592,4.59543276007894
"114","Arkansas_all_counties",2020-05-22,3017804,0.185963038023676,0.510304844184712,4.87109169449043,1470,5612,154,4029,114,113,3,4142,2.72815065185901,97.271849348141,81,-5,590,6,11,5.51020408163265,14,NA,NA,17.2839506172839,97435,103047,3771,3.41463527783779,5.44605859462187,4.08379740121983
"115","Arkansas_all_counties",2020-05-21,3017804,0.180859989581828,1.50771885781847,4.74848598517332,1433,5458,455,3915,63,110,3,4025,2.73291925465838,97.2670807453416,86,7,584,16,9,6.00139567341242,14,NA,NA,16.2790697674419,93818,99276,3018,3.28967686436893,5.49780410169628,15.0762094102054
"116","Arkansas_all_counties",2020-05-20,3017804,0.165782801003644,0.2650934255505,3.45946920343402,1044,5003,80,3852,113,107,5,3959,2.7027027027027,97.2972972972973,79,1,568,12,11,7.56704980842912,16,NA,NA,20.253164556962,91255,96258,2557,3.18967036958,5.1974900787467,3.12866640594447
"117","Arkansas_all_counties",2020-05-19,3017804,0.163131866748139,0.364503460131937,3.58538858057051,1082,4923,110,3739,94,102,2,3841,2.65555844832075,97.3444415516793,78,1,556,21,20,7.20887245841035,14,NA,NA,17.9487179487179,88778,93701,6087,3.10493988343842,5.25394606247532,1.80712994907179
"118","Arkansas_all_counties",2020-05-18,3017804,0.159486832146819,0.178938062246587,3.53899723109917,1068,4813,54,3645,55,100,2,3745,2.67022696929239,97.3297730307076,77,12,535,5,-7,7.20973782771536,12,NA,NA,15.5844155844156,82801,87614,2429,2.90323692327268,5.49341429451914,2.2231370934541
"119","Arkansas_all_counties",2020-05-17,3017804,0.157697451524353,0.599773875308005,3.54893823455731,1071,4759,181,3590,118,98,0,3688,2.65726681127983,97.3427331887202,65,0,530,2,2,6.06909430438842,10,NA,NA,15.3846153846154,80426,85185,1953,2.82274793193991,5.58666431883548,9.26779313876088
"120","Arkansas_all_counties",2020-05-16,3017804,0.151699712771273,0.381071799228843,3.3401771619363,1008,4578,115,3472,82,98,0,3570,2.74509803921569,97.2549019607843,65,0,528,8,8,6.4484126984127,10,NA,NA,15.3846153846154,78654,83232,1703,2.7580319994274,5.50028835063437,6.75278919553729
"121","Arkansas_all_counties",2020-05-15,3017804,0.147888994778985,0.321425778479981,3.23082612389671,975,4463,97,3390,113,98,0,3488,2.80963302752294,97.1903669724771,65,-4,520,5,9,6.66666666666667,9,NA,NA,13.8461538461538,77066,81529,3024,2.70160023646334,5.47412577119798,3.20767195767196
"122","Arkansas_all_counties",2020-05-14,3017804,0.144674736994185,0.430776816519562,3.28384480900681,991,4366,130,3277,0,98,1,3375,2.9037037037037,97.0962962962963,69,5,515,6,1,6.96266397578204,10,NA,NA,14.4927536231884,74139,78505,2687,2.60139492160525,5.56142920833068,4.83810941570525
"123","Arkansas_all_counties",2020-05-13,3017804,0.14036696882899,0.23858408299545,2.85638166030663,862,4236,72,3277,57,97,2,3374,2.87492590397155,97.1250740960285,64,5,509,12,7,7.4245939675174,13,NA,NA,20.3125,71582,75818,2603,2.51235666729847,5.58706375794666,2.76603918555513
"124","Arkansas_all_counties",2020-05-12,3017804,0.137981127999035,0.400953806145131,2.81330397865468,849,4164,121,3220,71,95,1,3315,2.8657616892911,97.1342383107089,59,-2,497,12,14,6.94935217903416,12,NA,NA,20.3389830508475,69051,73215,2892,2.42610189395998,5.68735914771563,4.18395573997234
"125","Arkansas_all_counties",2020-05-11,3017804,0.133971589937584,0.102723702400819,2.650934255505,800,4043,31,3149,37,94,3,3243,2.89855072463768,97.1014492753623,61,-14,485,3,17,7.625,11,NA,NA,18.0327868852459,66280,70323,1315,2.33027062062347,5.74918589935014,2.3574144486692
"126","Arkansas_all_counties",2020-05-10,3017804,0.132944352913576,0.0927826989426749,2.68075726587943,809,4012,28,3112,55,91,1,3203,2.84108648142367,97.1589135185763,75,11,482,2,-9,9.27070457354759,3,NA,NA,4,64996,69008,1558,2.28669588879861,5.81381868768838,1.79717586649551
"127","Arkansas_all_counties",2020-05-09,3017804,0.132016525924149,0.785339273193355,2.7735399648221,837,3984,237,3057,89,90,2,3147,2.85986653956149,97.1401334604385,64,0,480,9,9,7.64635603345281,13,NA,NA,20.3125,63466,67450,1922,2.23506894417265,5.90659747961453,12.3309053069719
"128","Arkansas_all_counties",2020-05-08,3017804,0.124163133192215,0.271720761189262,2.28974446319244,691,3747,82,2968,101,88,0,3056,2.87958115183246,97.1204188481675,64,-6,471,5,11,9.26193921852388,14,NA,NA,21.875,61781,65528,2209,2.17138024868414,5.71816628006348,3.71208691715708
"129","Arkansas_all_counties",2020-05-07,3017804,0.121445925580323,0.321425778479981,2.35270415176068,710,3665,97,2867,758,88,3,2955,2.97800338409475,97.0219966159053,70,1,466,8,7,9.85915492957746,14,NA,NA,20,59654,63319,4316,2.09818132655401,5.78815205546518,2.24745134383689
"130","Arkansas_all_counties",2020-05-06,3017804,0.118231667795523,0.23858408299545,4.55297958382983,1374,3568,72,2109,59,85,3,2194,3.87420237010027,96.1257976298997,69,-20,458,9,29,5.02183406113537,14,NA,NA,20.2898550724638,55435,59003,2699,1.95516342346952,6.04715014490789,2.66765468692108
"131","Arkansas_all_counties",2020-05-05,3017804,0.115845826965568,0.125919377136487,4.51984290563602,1364,3496,38,2050,34,82,2,2132,3.84615384615385,96.1538461538462,89,-2,449,4,6,6.52492668621701,16,NA,NA,17.9775280898876,52808,56304,1862,1.86572752902442,6.20915032679739,2.04081632653061
"132","Arkansas_all_counties",2020-05-04,3017804,0.114586633194203,0.0894690311232936,4.51321556999726,1362,3458,27,2016,17,80,4,2096,3.81679389312977,96.1832061068702,91,-9,445,11,20,6.68135095447871,16,NA,NA,17.5824175824176,50984,54442,1552,1.80402703422754,6.35171375041328,1.73969072164948
"133","Arkansas_all_counties",2020-05-03,3017804,0.113691942882971,0.195506401343493,4.49333356308097,1356,3431,59,1999,12,76,3,2075,3.66265060240964,96.3373493975904,100,0,434,7,7,7.37463126843658,22,NA,NA,22,49459,52890,1308,1.75259890967074,6.48704859141615,4.51070336391437
"134","Arkansas_all_counties",2020-05-02,3017804,0.111736878869536,0.168997058788444,4.34753217902819,1312,3372,51,1987,14,73,9,2060,3.54368932038835,96.4563106796116,100,5,427,13,8,7.6219512195122,20,NA,NA,20,48210,51582,1906,1.70925613459323,6.53716412702105,2.67576075550892
"135","Arkansas_all_counties",2020-05-01,3017804,0.110046908281651,0.218702076079162,4.25474948008552,1284,3321,66,1973,668,64,4,2037,3.14187530682376,96.8581246931762,95,0,414,NA,NA,7.398753894081,23,NA,NA,24.2105263157895,46355,49676,1297,1.64609762595583,6.68532087929785,5.08866615265999
"136","Arkansas_all_counties",2020-04-30,3017804,0.10785988752086,0.208761072621018,6.26283217863055,1890,3255,63,1305,56,60,1,1365,4.3956043956044,95.6043956043956,95,2,NA,NA,NA,5.02645502645503,23,NA,NA,24.2105263157895,45124,48379,2636,1.60311935433845,6.72812583972385,2.38998482549317
"137","Arkansas_all_counties",2020-04-29,3017804,0.105772276794649,0.268407093369881,6.24295017171427,1884,3192,81,1249,103,59,8,1308,4.51070336391437,95.4892966360856,93,-11,NA,NA,NA,4.93630573248408,18,NA,NA,19.3548387096774,42551,45743,2784,1.51577107061956,6.97811687034082,2.90948275862069
"138","Arkansas_all_counties",2020-04-28,3017804,0.103088205860951,0.311484775021837,6.3423602062957,1914,3111,94,1146,159,51,2,1197,4.26065162907268,95.7393483709273,104,-5,NA,NA,NA,5.43364681295716,20,NA,NA,19.2307692307692,39848,42959,2502,1.42351855852799,7.24178868223189,3.75699440447642
"139","Arkansas_all_counties",2020-04-27,3017804,0.0999733581107322,0.251838754272975,6.56437595019425,1981,3017,76,987,2,49,0,1036,4.72972972972973,95.2702702702703,109,2,NA,NA,NA,5.5022715800101,25,NA,NA,22.9357798165138,37440,40457,988,1.34061058968707,7.45730034357466,7.69230769230769
"140","Arkansas_all_counties",2020-04-26,3017804,0.0974549705680024,0.367817127951318,6.31916453156004,1907,2941,111,985,15,49,0,1034,4.73887814313346,95.2611218568665,107,3,NA,NA,NA,5.61090718405873,24,NA,NA,22.4299065420561,36528,39469,1410,1.30787155163158,7.45141756821809,7.87234042553191
"141","Arkansas_all_counties",2020-04-25,3017804,0.0937767992884892,0.294916435924931,6.00105242089944,1811,2830,89,970,38,49,3,1019,4.80863591756624,95.1913640824338,104,0,NA,NA,NA,5.74268360022087,22,NA,NA,21.1538461538462,35229,38059,2397,1.26114883537831,7.43582332693975,3.71297455152274
"142","Arkansas_all_counties",2020-04-24,3017804,0.0908276349292399,0.914572318149224,5.84199636556914,1763,2741,276,932,30,46,1,978,4.70347648261759,95.2965235173824,104,3,NA,NA,NA,5.89903573454339,25,NA,NA,24.0384615384615,32921,35662,1676,1.18172021774774,7.68605238068532,16.4677804295943
"143","Arkansas_all_counties",2020-04-23,3017804,0.0816819117477477,0.626283217863055,5.03014774982073,1518,2465,189,902,39,45,3,947,4.75184794086589,95.2481520591341,101,4,NA,NA,NA,6.65349143610013,24,NA,NA,23.7623762376238,31521,33986,4273,1.12618314509491,7.25298652386277,4.42312192838755
"144","Arkansas_all_counties",2020-04-22,3017804,0.0754190795691171,0.162369723149681,4.54303858037169,1371,2276,49,863,14,42,0,905,4.64088397790055,95.3591160220994,97,11,NA,NA,NA,7.07512764405543,23,NA,NA,23.7113402061856,27437,29713,691,0.984590119172749,7.65994682462222,7.09117221418234
"145","Arkansas_all_counties",2020-04-21,3017804,0.0737953823376203,1.0073550170919,4.42706020669334,1336,2227,304,849,100,42,0,891,4.71380471380471,95.2861952861953,86,-7,NA,NA,NA,6.43712574850299,27,NA,NA,31.3953488372093,26795,29022,2468,0.961692674540825,7.67348907725174,12.3176661264182
"146","Arkansas_all_counties",2020-04-20,3017804,0.0637218321667014,0.470540830352137,3.75107197153957,1132,1923,142,749,28,42,2,791,5.30973451327434,94.6902654867257,93,5,NA,NA,NA,8.21554770318021,24,NA,NA,25.8064516129032,24631,26554,1703,0.879911352758496,7.24184680274158,8.33822665883735
"147","Arkansas_all_counties",2020-04-19,3017804,0.05901642386318,0.139174048414012,3.37994117576887,1020,1781,42,721,18,40,2,761,5.25624178712221,94.7437582128778,88,-5,NA,NA,NA,8.62745098039216,25,NA,NA,28.4090909090909,23070,24851,710,0.823479589794433,7.16671361313428,5.91549295774648
"148","Arkansas_all_counties",2020-04-18,3017804,0.0576246833790399,0.145801384052775,3.30704048374248,998,1739,44,703,0,38,0,741,5.12820512820513,94.8717948717949,93,0,NA,NA,NA,9.3186372745491,23,NA,NA,24.7311827956989,22402,24141,44,0.799952548276826,7.20351269624291,100
"149","Arkansas_all_counties",2020-04-17,3017804,0.0561666695385121,0.248525086453593,3.16123909968971,954,1695,75,703,155,38,1,741,5.12820512820513,94.8717948717949,93,8,NA,NA,NA,9.74842767295597,23,NA,NA,24.7311827956989,22402,24097,1422,0.798494534436299,7.0340706311989,5.27426160337553
"150","Arkansas_all_counties",2020-04-16,3017804,0.0536814186739762,0.168997058788444,3.42964619305959,1035,1620,51,548,59,37,4,585,6.32478632478632,93.6752136752137,85,2,NA,NA,NA,8.21256038647343,21,NA,NA,24.7058823529412,21055,22675,1401,0.751374178044697,7.14443219404631,3.64025695931478
"151","Arkansas_all_counties",2020-04-15,3017804,0.0519914480860917,0.235270415176068,3.46941020689216,1047,1569,71,489,45,33,1,522,6.32183908045977,93.6781609195402,83,2,NA,NA,NA,7.92741165234002,26,NA,NA,31.3253012048193,19705,21274,71,0.704949691895166,7.37519977437247,100
"152","Arkansas_all_counties",2020-04-14,3017804,0.0496387439343311,0.29160276810555,3.38656851140763,1022,1498,88,444,53,32,2,476,6.72268907563025,93.2773109243697,81,7,NA,NA,NA,7.92563600782779,29,NA,NA,35.8024691358025,19705,21203,399,0.702596987743406,7.06503796632552,22.0551378446115
"153","Arkansas_all_counties",2020-04-13,3017804,0.0467227162532756,0.430776816519562,3.27721747336805,989,1410,130,391,24,30,3,421,7.12589073634204,92.874109263658,74,-3,NA,NA,NA,7.48230535894843,28,NA,NA,37.8378378378378,19394,20804,1082,0.689375453144074,6.77754278023457,12.0147874306839
"154","Arkansas_all_counties",2020-04-12,3017804,0.0424149480880799,0.178938062246587,2.93590968797178,886,1280,54,367,27,27,2,394,6.85279187817259,93.1472081218274,77,3,NA,NA,NA,8.69074492099323,29,NA,NA,37.6623376623377,18442,19722,1144,0.653521567338369,6.49021397424196,4.72027972027972
"155","Arkansas_all_counties",2020-04-11,3017804,0.0406255674656141,0.182251730065969,2.85306799248725,861,1226,55,340,28,25,1,365,6.84931506849315,93.1506849315068,74,-12,NA,NA,NA,8.59465737514518,30,NA,NA,40.5405405405405,17352,18578,1458,0.615613207484648,6.5992033588115,3.77229080932785
"156","Arkansas_all_counties",2020-04-10,3017804,0.0388030501649544,0.255152422092356,2.76691262918334,835,1171,77,312,59,24,3,336,7.14285714285714,92.8571428571429,86,13,NA,NA,NA,10.2994011976048,33,NA,NA,38.3720930232558,15949,17120,2194,0.567299930678069,6.83995327102804,3.50957155879672
"157","Arkansas_all_counties",2020-04-09,3017804,0.0362515259440308,0.235270415176068,2.71720761189262,820,1094,71,253,45,21,3,274,7.66423357664234,92.3357664233577,73,-3,NA,NA,NA,8.90243902439024,31,NA,NA,42.4657534246575,13832,14926,70,0.494598058720845,7.32949216132922,101.428571428571
