"","v1","v1_2","date","cases_african_american","cases_asian","cases_hispanic","cases_multi_racial","cases_native_american","cases_pacific_islander","cases_white","cases_other","cases_race_or_ethnicity_unknown","new_cases_african_american","new_cases_asian","new_cases_hispanic","new_cases_multi_racial","new_cases_native_american","new_cases_pacific_islander","new_cases_white","new_cases_other","new_cases_race_or_ethnicity_unknown","deaths_african_american","deaths_asian","deaths_hispanic","deaths_multi_racial","deaths_native_american","deaths_pacific_islander","deaths_white","deaths_other","deaths_race_or_ethnicity_unknown","new_deaths_african_american","new_deaths_asian","new_deaths_hispanic","new_deaths_multi_racial","new_deaths_native_american","new_deaths_pacific_islander","new_deaths_white","new_deaths_other","new_deaths_race_or_ethnicity_unknown","total_state_population_african_american","total_state_population_asian","total_state_population_hispanic","total_state_population_multi_racial","total_state_population_native_american","total_state_population_pacific_islander","total_state_population_white","total_state_population_other","total_state_population_race_or_ethnicity_unknown","pct_state_population_african_american","pct_state_population_asian","pct_state_population_hispanic","pct_state_population_multi_racial","pct_state_population_native_american","pct_state_population_pacific_islander","pct_state_population_white","pct_state_population_other","pct_state_population_race_or_ethnicity_unknown","cases_per_10_000_african_american","cases_per_10_000_asian","cases_per_10_000_hispanic","cases_per_10_000_multi_racial","cases_per_10_000_native_american","cases_per_10_000_pacific_islander","cases_per_10_000_white","cases_per_10_000_other","cases_per_10_000_race_or_ethnicity_unknown","deaths_per_10_000_african_american","deaths_per_10_000_asian","deaths_per_10_000_hispanic","deaths_per_10_000_multi_racial","deaths_per_10_000_native_american","deaths_per_10_000_pacific_islander","deaths_per_10_000_white","deaths_per_10_000_other","deaths_per_10_000_race_or_ethnicity_unknown","cases_other_race","cases_unknown_race","deaths_other_race","deaths_unknown_race"
"2",NA,NA,"2020-10-15",19733,1064,16084,725,258,2404,56586,NA,NA,184,4,119,5,4,4,865,NA,NA,317,18,91,7,2,45,1040,NA,NA,1,0,0,0,0,0,12,NA,NA,473795,51303,232371,66392,30178,12071,2387083,NA,NA,"15.70%","1.70%","7.70%","2.20%","1.00%","0.40%","79.10%",NA,NA,416.488143606412,207.395279028517,692.168988384953,109.199903602844,85.4927430578567,1991.54999585784,237.050827306801,NA,NA,6.69065735180827,3.50856675048243,3.91615132697281,1.05434389685504,0.662734442308967,37.2794300389363,4.35678189656581,NA,NA,5933,9821,73,143
"1:1","2",NA,"2020-10-14",19549,1060,15965,720,254,2400,55721,NA,NA,150,5,65,1,5,1,687,NA,NA,316,18,91,7,2,45,1028,NA,NA,1,0,1,0,0,0,19,NA,NA,473795,51303,232371,66392,30178,12071,2387083,NA,NA,"15.70%","1.70%","7.70%","2.20%","1.00%","0.40%","79.10%",NA,NA,412.604607477918,206.61559752841,687.047867418912,108.446800819376,84.1672741732388,1988.23626874327,233.427157748599,NA,NA,6.66955117719689,3.50856675048243,3.91615132697281,1.05434389685504,0.662734442308967,37.2794300389363,4.30651133622082,NA,NA,5870,9672,73,145
"1:2","1:1","2","2020-10-13",19399,1055,15900,719,249,2399,55034,NA,NA,144,6,79,11,0,1,686,NA,NA,315,18,90,7,2,45,1009,NA,NA,5,1,0,0,0,0,29,NA,NA,473795,51303,232371,66392,30178,12071,2387083,NA,NA,"15.70%","1.70%","7.70%","2.20%","1.00%","0.40%","79.10%",NA,NA,409.43868128621,205.640995653276,684.250616471074,108.296180262682,82.5104380674664,1987.40783696463,230.549168168849,NA,NA,6.64844500258551,3.50856675048243,3.87311669700608,1.05434389685504,0.662734442308967,37.2794300389363,4.22691628234125,NA,NA,5848,9464,74,141
"1:3","1:2","1:1","2020-10-12",19255,1049,15821,708,249,2398,54348,NA,NA,116,5,62,2,1,-1,495,NA,NA,310,17,90,7,2,45,980,NA,NA,4,1,0,0,0,0,11,NA,NA,473795,51303,232371,66392,30178,12071,2387083,NA,NA,"15.70%","1.70%","7.70%","2.20%","1.00%","0.40%","79.10%",NA,NA,406.399392142171,204.471473403115,680.850880703702,106.639354139053,82.5104380674664,1986.57940518598,227.67536780246,NA,NA,6.54291412952859,3.31364637545563,3.87311669700608,1.05434389685504,0.662734442308967,37.2794300389363,4.10542909484086,NA,NA,5830,9650,71,154
"1:4","1:3","1:2","2020-10-11",19139,1044,15759,706,248,2399,53853,NA,NA,113,3,37,3,0,3,329,NA,NA,306,16,90,7,2,45,969,NA,NA,2,0,0,0,0,1,13,NA,NA,473795,51303,232371,66392,30178,12071,2387083,NA,NA,"15.70%","1.70%","7.70%","2.20%","1.00%","0.40%","79.10%",NA,NA,403.9510759,203.4968715,678.1827336,106.338113,82.17907085,1987.407837,225.6017072,NA,NA,6.458489431,3.118726,3.873116697,1.054343897,0.6627344423,37.27943004,4.059347748,NA,NA,NA,NA,NA,NA
"1:5","1:4","1:3","2020-10-10",19026,1041,15722,703,248,2396,53524,NA,NA,111,7,55,2,2,4,442,NA,NA,304,16,90,7,2,44,956,NA,NA,2,0,0,0,0,0,17,NA,NA,473795,51303,232371,66392,30178,12071,2387083,NA,NA,"15.70%","1.70%","7.70%","2.20%","1.00%","0.40%","79.10%",NA,NA,401.5660782,202.9121104,676.5904523,105.8862514,82.17907085,1984.922542,224.223456,NA,NA,6.416277082,3.118726,3.873116697,1.054343897,0.6627344423,36.45099826,4.004887974,NA,NA,NA,NA,NA,NA
"1:6","1:5","1:4","2020-10-09",18915,1034,15667,701,246,2392,53082,NA,NA,161,13,94,9,5,6,768,NA,NA,302,16,90,7,2,44,939,NA,NA,4,0,0,0,0,0,18,NA,NA,473795,51303,232371,66392,30178,12071,2387083,NA,NA,"15.70%","1.70%","7.70%","2.20%","1.00%","0.40%","79.10%",NA,NA,399.2232928,201.5476678,674.2235477,105.5850102,81.5163364,1981.608815,222.3718237,NA,NA,6.374064733,3.118726,3.873116697,1.054343897,0.6627344423,36.45099826,3.933671347,NA,NA,NA,NA,NA,NA
"1:7","1:6","1:5","2020-10-08",18754,1021,15573,692,241,2386,52314,NA,NA,165,7,68,5,7,1,747,NA,NA,298,16,90,7,2,44,921,NA,NA,5,0,1,0,0,0,14,NA,NA,473795,51303,232371,66392,30178,12071,2387083,NA,NA,"15.70%","1.70%","7.70%","2.20%","1.00%","0.40%","79.10%",NA,NA,395.8251987,199.0137029,670.1782925,104.2294252,79.8595003,1976.638224,219.1545078,NA,NA,6.289640034,3.118726,3.873116697,1.054343897,0.6627344423,36.45099826,3.858265506,NA,NA,NA,NA,NA,NA
"1:8","1:7","1:6","2020-10-07",18589,1014,15505,687,234,2385,51567,NA,NA,181,6,72,7,1,3,624,NA,NA,293,16,89,7,2,44,907,NA,NA,4,0,0,0,0,0,10,NA,NA,473795,51303,232371,66392,30178,12071,2387083,NA,NA,"15.70%","1.70%","7.70%","2.20%","1.00%","0.40%","79.10%",NA,NA,392.3426799,197.6492603,667.2519376,103.4763224,77.53992975,1975.809792,216.0251654,NA,NA,6.184109161,3.118726,3.830082067,1.054343897,0.6627344423,36.45099826,3.799616519,NA,NA,NA,NA,NA,NA
"1:9","1:8","1:7","2020-10-06",18408,1008,15433,680,233,2382,50943,NA,NA,151,4,73,12,2,5,574,NA,NA,289,16,89,7,2,44,897,NA,NA,4,0,1,0,0,1,17,NA,NA,473795,51303,232371,66392,30178,12071,2387083,NA,NA,"15.70%","1.70%","7.70%","2.20%","1.00%","0.40%","79.10%",NA,NA,388.5224622,196.479738,664.1534443,102.4219786,77.20856253,1973.324497,213.4110963,NA,NA,6.099684463,3.118726,3.830082067,1.054343897,0.6627344423,36.45099826,3.757724386,NA,NA,NA,NA,NA,NA
"1:10","1:9","1:8","2020-10-05",18257,1004,15360,668,231,2377,50369,NA,NA,62,6,28,5,0,3,241,NA,NA,285,16,88,7,2,43,880,NA,NA,2,0,0,0,0,0,18,NA,NA,473795,51303,232371,66392,30178,12071,2387083,NA,NA,"15.70%","1.70%","7.70%","2.20%","1.00%","0.40%","79.10%",NA,NA,385.3354299,195.7000565,661.0119163,100.6145319,76.54582809,1969.182338,211.0064878,NA,NA,6.015259764,3.118726,3.787047437,1.054343897,0.6627344423,35.62256648,3.686507759,NA,NA,NA,NA,NA,NA
"1:11","1:10","1:9","2020-10-04",18195,998,15332,663,231,2374,50128,NA,NA,94,6,33,2,-1,2,294,NA,NA,283,16,88,7,2,43,862,NA,NA,4,0,0,0,0,0,12,NA,NA,473795,51303,232371,66392,30178,12071,2387083,NA,NA,"15.70%","1.70%","7.70%","2.20%","1.00%","0.40%","79.10%",NA,NA,384.0268471,194.5305343,659.8069466,99.86142909,76.54582809,1966.697042,209.9968874,NA,NA,5.973047415,3.118726,3.787047437,1.054343897,0.6627344423,35.62256648,3.611101918,NA,NA,NA,NA,NA,NA
"1:12","1:11","1:10","2020-10-03",18101,992,15299,661,232,2372,49834,NA,NA,237,7,99,8,5,14,778,NA,NA,279,16,88,7,2,43,850,NA,NA,4,0,1,0,0,0,14,NA,NA,473795,51303,232371,66392,30178,12071,2387083,NA,NA,"15.70%","1.70%","7.70%","2.20%","1.00%","0.40%","79.10%",NA,NA,382.0428666,193.361012,658.3868039,99.56018797,76.87719531,1965.040179,208.7652587,NA,NA,5.888622717,3.118726,3.787047437,1.054343897,0.6627344423,35.62256648,3.560831358,NA,NA,NA,NA,NA,NA
"1:13","1:12","1:11","2020-10-02",17864,985,15200,653,227,2358,49056,NA,NA,180,13,64,11,6,4,678,NA,NA,275,16,87,7,2,43,836,NA,NA,2,0,0,0,0,0,5,NA,NA,473795,51303,232371,66392,30178,12071,2387083,NA,NA,"15.70%","1.70%","7.70%","2.20%","1.00%","0.40%","79.10%",NA,NA,377.0407033,191.9965694,654.1263755,98.35522352,75.2203592,1953.442134,205.5060507,NA,NA,5.804198018,3.118726,3.744012807,1.054343897,0.6627344423,35.62256648,3.502182371,NA,NA,NA,NA,NA,NA
"1:14","1:13","1:12","2020-10-01",17684,972,15136,642,221,2354,48378,NA,NA,157,7,64,3,1,4,762,NA,NA,273,16,87,7,2,43,831,NA,NA,5,0,0,0,0,0,8,NA,NA,473795,51303,232371,66392,30178,12071,2387083,NA,NA,"15.70%","1.70%","7.70%","2.20%","1.00%","0.40%","79.10%",NA,NA,373.2415918,189.4626045,651.3721592,96.6983974,73.23215588,1950.128407,202.665764,NA,NA,5.761985669,3.118726,3.744012807,1.054343897,0.6627344423,35.62256648,3.481236304,NA,NA,NA,NA,NA,NA
"1:15","1:14","1:13","2020-09-30",17527,965,15072,639,220,2350,47616,NA,NA,158,16,84,4,3,7,687,NA,NA,268,16,87,7,2,43,823,NA,NA,4,0,0,0,0,0,14,NA,NA,473795,51303,232371,66392,30178,12071,2387083,NA,NA,"15.70%","1.70%","7.70%","2.20%","1.00%","0.40%","79.10%",NA,NA,369.9279224,188.0981619,648.6179429,96.24653573,72.90078865,1946.81468,199.4735834,NA,NA,5.656454796,3.118726,3.744012807,1.054343897,0.6627344423,35.62256648,3.447722597,NA,NA,NA,NA,NA,NA
"1:16","1:15","1:14","2020-09-29",17369,949,14988,635,217,2343,46929,NA,NA,135,6,72,2,3,14,615,NA,NA,264,16,87,7,2,43,809,NA,NA,4,0,2,0,0,0,25,NA,NA,473795,51303,232371,66392,30178,12071,2387083,NA,NA,"15.70%","1.70%","7.70%","2.20%","1.00%","0.40%","79.10%",NA,NA,366.5931468,184.9794359,645.0030339,95.6440535,71.90668699,1941.015657,196.5955939,NA,NA,5.572030097,3.118726,3.744012807,1.054343897,0.6627344423,35.62256648,3.38907361,NA,NA,NA,NA,NA,NA
"1:17","1:16","1:15","2020-09-28",17234,943,14916,633,214,2329,46314,NA,NA,134,4,44,4,0,0,416,NA,NA,260,16,85,7,2,43,784,NA,NA,5,0,0,0,0,0,15,NA,NA,473795,51303,232371,66392,30178,12071,2387083,NA,NA,"15.70%","1.70%","7.70%","2.20%","1.00%","0.40%","79.10%",NA,NA,363.7438133,183.8099137,641.9045406,95.34281239,70.91258533,1929.417612,194.0192277,NA,NA,5.487605399,3.118726,3.657943547,1.054343897,0.6627344423,35.62256648,3.284343276,NA,NA,NA,NA,NA,NA
"1:18","1:17","1:16","2020-09-27",17100,939,14872,629,214,2329,45898,NA,NA,56,1,32,5,0,0,340,NA,NA,255,16,85,7,2,43,769,NA,NA,4,1,1,0,0,0,12,NA,NA,473795,51303,232371,66392,30178,12071,2387083,NA,NA,"15.70%","1.70%","7.70%","2.20%","1.00%","0.40%","79.10%",NA,NA,360.9155859,183.0302322,640.0110169,94.74033016,70.91258533,1929.417612,192.2765149,NA,NA,5.382074526,3.118726,3.657943547,1.054343897,0.6627344423,35.62256648,3.221505075,NA,NA,NA,NA,NA,NA
"1:19","1:18","1:17","2020-09-26",17044,938,14840,624,214,2329,45649,NA,NA,219,4,70,4,3,3,513,NA,NA,251,15,84,7,2,43,757,NA,NA,7,1,4,0,0,0,30,NA,NA,473795,51303,232371,66392,30178,12071,2387083,NA,NA,"15.70%","1.70%","7.70%","2.20%","1.00%","0.40%","79.10%",NA,NA,359.7336401,182.8353118,638.6339087,93.98722738,70.91258533,1929.417612,191.2334008,NA,NA,5.297649827,2.923805625,3.614908917,1.054343897,0.6627344423,35.62256648,3.171234515,NA,NA,NA,NA,NA,NA
"1:20","1:19","1:18","2020-09-25",16825,934,14770,620,211,2326,45136,NA,NA,134,7,60,1,3,12,514,NA,NA,244,14,80,7,2,43,727,NA,NA,3,1,0,0,0,0,15,NA,NA,473795,51303,232371,66392,30178,12071,2387083,NA,NA,"15.70%","1.70%","7.70%","2.20%","1.00%","0.40%","79.10%",NA,NA,355.1113878,182.0556303,635.6214846,93.38474515,69.91848366,1926.932317,189.0843343,NA,NA,5.149906605,2.72888525,3.442770397,1.054343897,0.6627344423,35.62256648,3.045558114,NA,NA,NA,NA,NA,NA
"1:21","1:20","1:19","2020-09-24",16691,927,14710,619,208,2314,44622,NA,NA,151,12,63,6,1,3,515,NA,NA,241,13,80,7,2,43,712,NA,NA,3,0,1,0,0,0,13,NA,NA,473795,51303,232371,66392,30178,12071,2387083,NA,NA,"15.70%","1.70%","7.70%","2.20%","1.00%","0.40%","79.10%",NA,NA,352.2831604,180.6911876,633.0394068,93.23412459,68.924382,1916.991136,186.9310786,NA,NA,5.086588081,2.533964875,3.442770397,1.054343897,0.6627344423,35.62256648,2.982719914,NA,NA,NA,NA,NA,NA
"1:22","1:21","1:20","2020-09-23",16540,915,14647,613,207,2311,44107,NA,NA,200,14,45,5,5,12,559,NA,NA,239,13,79,7,2,43,699,NA,NA,6,0,1,0,0,0,9,NA,NA,473795,51303,232371,66392,30178,12071,2387083,NA,NA,"15.70%","1.70%","7.70%","2.20%","1.00%","0.40%","79.10%",NA,NA,349.0961281,178.3521431,630.3282251,92.33040125,68.59301478,1914.50584,184.7736338,NA,NA,5.044375732,2.533964875,3.399735767,1.054343897,0.6627344423,35.62256648,2.92826014,NA,NA,NA,NA,NA,NA
"1:23","1:22","1:21","2020-09-22",16340,901,14602,608,202,2299,43548,NA,NA,153,6,54,0,0,3,482,NA,NA,233,13,78,7,2,43,690,NA,NA,1,0,0,0,0,0,8,NA,NA,473795,51303,232371,66392,30178,12071,2387083,NA,NA,"15.70%","1.70%","7.70%","2.20%","1.00%","0.40%","79.10%",NA,NA,344.8748931,175.6232579,628.3916668,91.57729847,66.93617867,1904.564659,182.4318635,NA,NA,4.917738684,2.533964875,3.356701137,1.054343897,0.6627344423,35.62256648,2.89055722,NA,NA,NA,NA,NA,NA
"1:24","1:23","1:22","2020-09-21",16187,895,14548,608,202,2296,43066,NA,NA,155,4,55,5,3,4,427,NA,NA,232,13,78,7,2,43,682,NA,NA,1,0,1,0,0,0,12,NA,NA,473795,51303,232371,66392,30178,12071,2387083,NA,NA,"15.70%","1.70%","7.70%","2.20%","1.00%","0.40%","79.10%",NA,NA,341.6456484,174.4537356,626.0677968,91.57729847,66.93617867,1902.079364,180.4126627,NA,NA,4.89663251,2.533964875,3.356701137,1.054343897,0.6627344423,35.62256648,2.857043513,NA,NA,NA,NA,NA,NA
"1:25","1:24","1:23","2020-09-20",16032,891,14493,603,199,2292,42639,NA,NA,99,3,37,3,0,9,284,NA,NA,231,13,77,7,2,43,670,NA,NA,0,0,0,0,0,0,0,NA,NA,473795,51303,232371,66392,30178,12071,2387083,NA,NA,"15.70%","1.70%","7.70%","2.20%","1.00%","0.40%","79.10%",NA,NA,338.3741914,173.6740541,623.7008921,90.82419569,65.94207701,1898.765637,178.6238685,NA,NA,4.875526335,2.533964875,3.313666507,1.054343897,0.6627344423,35.62256648,2.806772953,NA,NA,NA,NA,NA,NA
"1:26","1:25","1:24","2020-09-19",15933,888,14456,600,199,2283,42355,NA,NA,143,10,73,10,6,10,534,NA,NA,231,13,77,7,2,43,670,NA,NA,3,0,0,0,0,0,2,NA,NA,473795,51303,232371,66392,30178,12071,2387083,NA,NA,"15.70%","1.70%","7.70%","2.20%","1.00%","0.40%","79.10%",NA,NA,336.2846801,173.089293,622.1086108,90.37233402,65.94207701,1891.309751,177.434132,NA,NA,4.875526335,2.533964875,3.313666507,1.054343897,0.6627344423,35.62256648,2.806772953,NA,NA,NA,NA,NA,NA
"1:27","1:26","1:25","2020-09-18",15790,878,14383,590,193,2273,41821,NA,NA,140,6,54,4,4,3,488,NA,NA,228,13,77,7,2,43,668,NA,NA,3,0,0,0,0,0,4,NA,NA,473795,51303,232371,66392,30178,12071,2387083,NA,NA,"15.70%","1.70%","7.70%","2.20%","1.00%","0.40%","79.10%",NA,NA,333.2664971,171.1400893,618.9670828,88.86612845,63.95387368,1883.025433,175.197092,NA,NA,4.812207811,2.533964875,3.313666507,1.054343897,0.6627344423,35.62256648,2.798394526,NA,NA,NA,NA,NA,NA
"1:28","1:27","1:26","2020-09-17",15650,872,14329,586,189,2270,41333,NA,NA,141,7,71,3,1,14,592,NA,NA,225,13,77,7,2,43,664,NA,NA,1,0,0,0,0,0,5,NA,NA,473795,51303,232371,66392,30178,12071,2387083,NA,NA,"15.70%","1.70%","7.70%","2.20%","1.00%","0.40%","79.10%",NA,NA,330.3116327,169.970567,616.6432128,88.26364622,62.6284048,1880.540138,173.1527559,NA,NA,4.748889288,2.533964875,3.313666507,1.054343897,0.6627344423,35.62256648,2.781637672,NA,NA,NA,NA,NA,NA
"1:29","1:28","1:27","2020-09-16",15509,865,14258,583,188,2256,40741,NA,NA,192,6,80,8,2,13,608,NA,NA,224,13,77,7,2,43,659,NA,NA,0,0,0,0,0,0,7,NA,NA,473795,51303,232371,66392,30178,12071,2387083,NA,NA,"15.70%","1.70%","7.70%","2.20%","1.00%","0.40%","79.10%",NA,NA,327.335662,168.6061244,613.5877541,87.81178455,62.29703758,1868.942093,170.6727416,NA,NA,4.727783113,2.533964875,3.313666507,1.054343897,0.6627344423,35.62256648,2.760691606,NA,NA,NA,NA,NA,NA
"1:30","1:29","1:28","2020-09-15",15317,859,14178,575,186,2243,40133,NA,NA,141,7,58,6,7,4,425,NA,NA,224,13,77,7,2,43,652,NA,NA,3,0,0,0,0,0,13,NA,NA,473795,51303,232371,66392,30178,12071,2387083,NA,NA,"15.70%","1.70%","7.70%","2.20%","1.00%","0.40%","79.10%",NA,NA,323.2832765,167.4366021,610.1449837,86.6068201,61.63430313,1858.172479,168.1256999,NA,NA,4.727783113,2.533964875,3.313666507,1.054343897,0.6627344423,35.62256648,2.731367112,NA,NA,NA,NA,NA,NA
"1:31","1:30","1:29","2020-09-14",15176,852,14120,569,179,2239,39708,NA,NA,72,4,30,1,3,1,279,NA,NA,221,13,77,7,2,43,639,NA,NA,0,0,0,0,0,0,9,NA,NA,473795,51303,232371,66392,30178,12071,2387083,NA,NA,"15.70%","1.70%","7.70%","2.20%","1.00%","0.40%","79.10%",NA,NA,320.3073059,166.0721595,607.6489751,85.70309676,59.31473259,1854.858752,166.3452842,NA,NA,4.664464589,2.533964875,3.313666507,1.054343897,0.6627344423,35.62256648,2.676907338,NA,NA,NA,NA,NA,NA
"1:32","1:31","1:30","2020-09-13",15104,848,14090,568,176,2238,39429,NA,NA,98,4,39,4,-1,3,329,NA,NA,221,13,77,7,2,43,630,NA,NA,3,0,0,0,0,0,11,NA,NA,473795,51303,232371,66392,30178,12071,2387083,NA,NA,"15.70%","1.70%","7.70%","2.20%","1.00%","0.40%","79.10%",NA,NA,318.7876613,165.292478,606.3579362,85.5524762,58.32063092,1854.030321,165.1764937,NA,NA,4.664464589,2.533964875,3.313666507,1.054343897,0.6627344423,35.62256648,2.639204418,NA,NA,NA,NA,NA,NA
"1:33","1:32","1:31","2020-09-12",15006,844,14051,564,177,2235,39100,NA,NA,-19,-51,136,12,-36,-158,851,NA,NA,218,13,77,7,2,43,619,NA,NA,0,0,1,0,-1,-3,13,NA,NA,473795,51303,232371,66392,30178,12071,2387083,NA,NA,"15.70%","1.70%","7.70%","2.20%","1.00%","0.40%","79.10%",NA,NA,316.7192562,164.5127965,604.6795857,84.94999398,58.65199814,1851.545025,163.7982425,NA,NA,4.601146065,2.533964875,3.313666507,1.054343897,0.6627344423,35.62256648,2.593123071,NA,NA,NA,NA,NA,NA
"1:34","1:33","1:32","2020-09-11",15025,895,13915,552,213,2393,38249,NA,NA,158,6,70,7,0,14,509,NA,NA,218,13,76,7,3,46,606,NA,NA,2,0,1,0,0,0,7,NA,NA,473795,51303,232371,66392,30178,12071,2387083,NA,NA,"15.70%","1.70%","7.70%","2.20%","1.00%","0.40%","79.10%",NA,NA,317.1202735,174.4537356,598.826876,83.14254729,70.58121811,1982.437246,160.2332219,NA,NA,4.601146065,2.533964875,3.270631877,1.054343897,0.9941016635,38.10786182,2.538663297,NA,NA,NA,NA,NA,NA
"1:35","1:34","1:33","2020-09-10",14867,889,13845,545,213,2379,37740,NA,NA,130,33,40,18,4,5,340,NA,NA,216,13,75,7,3,46,599,NA,NA,4,2,0,0,0,0,5,NA,NA,473795,51303,232371,66392,30178,12071,2387083,NA,NA,"15.70%","1.70%","7.70%","2.20%","1.00%","0.40%","79.10%",NA,NA,313.7854979,173.2842134,595.8144519,82.0882034,70.58121811,1970.839201,158.1009123,NA,NA,4.558933716,2.533964875,3.227597248,1.054343897,0.9941016635,38.10786182,2.509338804,NA,NA,NA,NA,NA,NA
"1:36","1:35","1:34","2020-09-09",14737,856,13805,527,209,2374,37400,NA,NA,138,2,45,5,2,2,443,NA,NA,212,11,75,7,3,46,594,NA,NA,6,0,1,0,0,0,19,NA,NA,473795,51303,232371,66392,30178,12071,2387083,NA,NA,"15.70%","1.70%","7.70%","2.20%","1.00%","0.40%","79.10%",NA,NA,311.0416952,166.851841,594.0930667,79.37703338,69.25574922,1966.697042,156.6765797,NA,NA,4.474509018,2.144124125,3.227597248,1.054343897,0.9941016635,38.10786182,2.488392737,NA,NA,NA,NA,NA,NA
"1:37","1:36","1:35","2020-09-08",14599,854,13760,522,207,2372,36957,NA,NA,73,1,44,0,3,0,281,NA,NA,206,11,74,7,3,46,575,NA,NA,1,0,2,0,0,0,5,NA,NA,473795,51303,232371,66392,30178,12071,2387083,NA,NA,"15.70%","1.70%","7.70%","2.20%","1.00%","0.40%","79.10%",NA,NA,308.1290432,166.4620003,592.1565083,78.62393059,68.59301478,1965.040179,154.8207582,NA,NA,4.34787197,2.144124125,3.184562618,1.054343897,0.9941016635,38.10786182,2.408797683,NA,NA,NA,NA,NA,NA
"1:38","1:37","1:36","2020-09-07",14526,853,13716,522,204,2372,36676,NA,NA,87,3,30,1,1,0,201,NA,NA,205,11,72,7,3,46,570,NA,NA,0,0,1,0,0,0,13,NA,NA,473795,51303,232371,66392,30178,12071,2387083,NA,NA,"15.70%","1.70%","7.70%","2.20%","1.00%","0.40%","79.10%",NA,NA,306.5882924,166.2670799,590.2629846,78.62393059,67.59891312,1965.040179,153.6435893,NA,NA,4.326765795,2.144124125,3.098493358,1.054343897,0.9941016635,38.10786182,2.387851616,NA,NA,NA,NA,NA,NA
"1:39","1:38","1:37","2020-09-06",14439,850,13686,521,203,2372,36475,NA,NA,126,3,62,-1,2,-1,317,NA,NA,205,11,71,7,3,46,557,NA,NA,1,0,0,0,0,0,10,NA,NA,473795,51303,232371,66392,30178,12071,2387083,NA,NA,"15.70%","1.70%","7.70%","2.20%","1.00%","0.40%","79.10%",NA,NA,304.7520552,165.6823188,588.9719457,78.47331004,67.26754589,1965.040179,152.8015574,NA,NA,4.326765795,2.144124125,3.055458728,1.054343897,0.9941016635,38.10786182,2.333391843,NA,NA,NA,NA,NA,NA
"1:40","1:39","1:38","2020-09-05",14313,847,13624,522,201,2373,36158,NA,NA,145,8,61,4,1,1,429,NA,NA,204,11,71,7,3,46,547,NA,NA,0,0,1,0,0,0,4,NA,NA,473795,51303,232371,66392,30178,12071,2387083,NA,NA,"15.70%","1.70%","7.70%","2.20%","1.00%","0.40%","79.10%",NA,NA,302.0926772,165.0975576,586.3037987,78.62393059,66.60481145,1965.868611,151.4735767,NA,NA,4.305659621,2.144124125,3.055458728,1.054343897,0.9941016635,38.10786182,2.291499709,NA,NA,NA,NA,NA,NA
"1:41","1:40","1:39","2020-09-04",14168,839,13563,518,200,2372,35729,NA,NA,185,8,51,2,4,1,621,NA,NA,204,11,70,7,3,46,543,NA,NA,4,0,0,0,0,0,6,NA,NA,473795,51303,232371,66392,30178,12071,2387083,NA,NA,"15.70%","1.70%","7.70%","2.20%","1.00%","0.40%","79.10%",NA,NA,299.0322819,163.5381946,583.6786862,78.02144837,66.27344423,1965.040179,149.6764042,NA,NA,4.305659621,2.144124125,3.012424098,1.054343897,0.9941016635,38.10786182,2.274742856,NA,NA,NA,NA,NA,NA
"1:42","1:41","1:40","2020-09-03",13983,831,13512,516,196,2371,35108,NA,NA,119,8,81,3,5,2,457,NA,NA,200,11,70,7,3,46,537,NA,NA,0,0,4,-1,0,0,11,NA,NA,473795,51303,232371,66392,30178,12071,2387083,NA,NA,"15.70%","1.70%","7.70%","2.20%","1.00%","0.40%","79.10%",NA,NA,295.1276396,161.9788316,581.4839201,77.72020725,64.94797535,1964.211747,147.0749027,NA,NA,4.221234922,2.144124125,3.012424098,1.054343897,0.9941016635,38.10786182,2.249607575,NA,NA,NA,NA,NA,NA
"1:43","1:42","1:41","2020-09-02",13864,823,13431,513,191,2369,34651,NA,NA,123,5,83,5,2,1,427,NA,NA,200,11,66,8,3,46,526,NA,NA,3,0,1,0,0,5,14,NA,NA,473795,51303,232371,66392,30178,12071,2387083,NA,NA,"15.70%","1.70%","7.70%","2.20%","1.00%","0.40%","79.10%",NA,NA,292.6160048,160.4194686,577.9981151,77.26834558,63.29113924,1962.554884,145.1604322,NA,NA,4.221234922,2.144124125,2.840285578,1.204964454,0.9941016635,38.10786182,2.203526228,NA,NA,NA,NA,NA,NA
"1:44","1:43","1:42","2020-09-01",13741,818,13348,508,189,2368,34224,NA,NA,159,1,87,2,3,1,374,NA,NA,197,11,65,8,3,40,512,NA,NA,6,0,5,0,0,0,9,NA,NA,473795,51303,232371,66392,30178,12071,2387083,NA,NA,"15.70%","1.70%","7.70%","2.20%","1.00%","0.40%","79.10%",NA,NA,290.0199453,159.4448668,574.4262408,76.5152428,62.6284048,1961.726452,143.3716381,NA,NA,4.157916398,2.144124125,2.797250948,1.204964454,0.9941016635,33.13727115,2.144877241,NA,NA,NA,NA,NA,NA
"1:45","1:44","1:43","2020-08-31",13582,817,13261,506,186,2367,33850,NA,NA,33,3,34,3,0,1,190,NA,NA,191,11,60,8,3,40,503,NA,NA,2,0,1,0,0,1,8,NA,NA,473795,51303,232371,66392,30178,12071,2387083,NA,NA,"15.70%","1.70%","7.70%","2.20%","1.00%","0.40%","79.10%",NA,NA,286.6640636,159.2499464,570.682228,76.21400169,61.63430313,1960.89802,141.8048723,NA,NA,4.031279351,2.144124125,2.582077798,1.204964454,0.9941016635,33.13727115,2.107174321,NA,NA,NA,NA,NA,NA
"1:46","1:45","1:44","2020-08-30",13549,814,13227,503,186,2366,33660,NA,NA,85,2,40,4,1,1,280,NA,NA,189,11,59,8,3,39,495,NA,NA,2,1,0,0,0,0,6,NA,NA,473795,51303,232371,66392,30178,12071,2387083,NA,NA,"15.70%","1.70%","7.70%","2.20%","1.00%","0.40%","79.10%",NA,NA,285.9675598,158.6651853,569.2190506,75.76214002,61.63430313,1960.069588,141.0089218,NA,NA,3.989067002,2.144124125,2.539043168,1.204964454,0.9941016635,32.30883937,2.073660614,NA,NA,NA,NA,NA,NA
"1:47","1:46","1:45","2020-08-29",13464,812,13187,499,185,2365,33380,NA,NA,133,8,117,5,2,9,493,NA,NA,187,10,59,8,3,39,489,NA,NA,5,0,1,0,0,0,14,NA,NA,473795,51303,232371,66392,30178,12071,2387083,NA,NA,"15.70%","1.70%","7.70%","2.20%","1.00%","0.40%","79.10%",NA,NA,284.173535,158.2753445,567.4976654,75.15965779,61.30293591,1959.241156,139.835942,NA,NA,3.946854652,1.94920375,2.539043168,1.204964454,0.9941016635,32.30883937,2.048525334,NA,NA,NA,NA,NA,NA
"1:48","1:47","1:46","2020-08-28",13331,804,13070,494,183,2356,32887,NA,NA,123,7,103,2,1,5,415,NA,NA,182,10,58,8,3,39,475,NA,NA,2,0,0,0,0,0,14,NA,NA,473795,51303,232371,66392,30178,12071,2387083,NA,NA,"15.70%","1.70%","7.70%","2.20%","1.00%","0.40%","79.10%",NA,NA,281.3664137,156.7159815,562.4626137,74.40655501,60.64020147,1951.78527,137.7706598,NA,NA,3.841323779,1.94920375,2.496008538,1.204964454,0.9941016635,32.30883937,1.989876347,NA,NA,NA,NA,NA,NA
"1:49","1:48","1:47","2020-08-27",13208,797,12967,492,182,2351,32472,NA,NA,121,6,102,4,3,2,425,NA,NA,180,10,58,8,3,39,461,NA,NA,2,0,0,0,0,0,5,NA,NA,473795,51303,232371,66392,30178,12071,2387083,NA,NA,"15.70%","1.70%","7.70%","2.20%","1.00%","0.40%","79.10%",NA,NA,278.7703543,155.3515389,558.0300468,74.10531389,60.30883425,1947.643112,136.0321363,NA,NA,3.79911143,1.94920375,2.496008538,1.204964454,0.9941016635,32.30883937,1.93122736,NA,NA,NA,NA,NA,NA
"1:50","1:49","1:48","2020-08-26",13087,791,12865,488,179,2349,32047,NA,NA,154,2,75,8,3,2,347,NA,NA,178,10,58,8,3,39,456,NA,NA,1,0,0,1,0,0,17,NA,NA,473795,51303,232371,66392,30178,12071,2387083,NA,NA,"15.70%","1.70%","7.70%","2.20%","1.00%","0.40%","79.10%",NA,NA,276.2165071,154.1820166,553.6405145,73.50283167,59.31473259,1945.986248,134.2517206,NA,NA,3.756899081,1.94920375,2.496008538,1.204964454,0.9941016635,32.30883937,1.910281293,NA,NA,NA,NA,NA,NA
"1:51","1:50","1:49","2020-08-25",12933,789,12790,480,176,2347,31700,NA,NA,123,6,82,4,2,3,405,NA,NA,177,10,58,7,3,39,439,NA,NA,1,1,1,0,0,1,11,NA,NA,473795,51303,232371,66392,30178,12071,2387083,NA,NA,"15.70%","1.70%","7.70%","2.20%","1.00%","0.40%","79.10%",NA,NA,272.9661562,153.7921759,550.4129173,72.29786721,58.32063092,1944.329384,132.7980636,NA,NA,3.735792906,1.94920375,2.496008538,1.054343897,0.9941016635,32.30883937,1.839064666,NA,NA,NA,NA,NA,NA
"1:52","1:51","1:50","2020-08-24",12810,783,12708,476,174,2344,31295,NA,NA,89,2,33,0,0,1,157,NA,NA,176,9,57,7,3,38,428,NA,NA,5,0,1,0,0,0,4,NA,NA,473795,51303,232371,66392,30178,12071,2387083,NA,NA,"15.70%","1.70%","7.70%","2.20%","1.00%","0.40%","79.10%",NA,NA,270.3700968,152.6226536,546.8840776,71.69538499,57.65789648,1941.844089,131.1014322,NA,NA,3.714686732,1.754283375,2.452973908,1.054343897,0.9941016635,31.48040759,1.792983319,NA,NA,NA,NA,NA,NA
"1:53","1:52","1:51","2020-08-23",12721,781,12675,476,174,2343,31138,NA,NA,76,5,64,2,4,2,275,NA,NA,171,9,56,7,3,38,424,NA,NA,1,0,0,0,0,-1,11,NA,NA,473795,51303,232371,66392,30178,12071,2387083,NA,NA,"15.70%","1.70%","7.70%","2.20%","1.00%","0.40%","79.10%",NA,NA,268.4916472,152.2328129,545.4639348,71.69538499,57.65789648,1941.015657,130.4437257,NA,NA,3.609155859,1.754283375,2.409939278,1.054343897,0.9941016635,31.48040759,1.776226466,NA,NA,NA,NA,NA,NA
"1:54","1:53","1:52","2020-08-22",12645,776,12611,474,170,2341,30863,NA,NA,449,17,312,1,8,57,1293,NA,NA,170,9,56,7,3,39,413,NA,NA,0,0,1,0,0,1,12,NA,NA,473795,51303,232371,66392,30178,12071,2387083,NA,NA,"15.70%","1.70%","7.70%","2.20%","1.00%","0.40%","79.10%",NA,NA,266.887578,151.258211,542.7097185,71.39414387,56.3324276,1939.358794,129.291692,NA,NA,3.588049684,1.754283375,2.409939278,1.054343897,0.9941016635,32.30883937,1.730145119,NA,NA,NA,NA,NA,NA
"1:55","1:54","1:53","2020-08-21",12196,759,12299,473,162,2284,29570,NA,NA,157,4,105,5,1,16,406,NA,NA,170,9,55,7,3,38,401,NA,NA,5,0,-1,0,0,2,13,NA,NA,473795,51303,232371,66392,30178,12071,2387083,NA,NA,"15.70%","1.70%","7.70%","2.20%","1.00%","0.40%","79.10%",NA,NA,257.4109056,147.9445646,529.282914,71.24352332,53.68148983,1892.138182,123.8750391,NA,NA,3.588049684,1.754283375,2.366904648,1.054343897,0.9941016635,31.48040759,1.679874558,NA,NA,NA,NA,NA,NA
"1:56","1:55","1:54","2020-08-20",12039,755,12194,468,161,2268,29164,NA,NA,130,8,98,3,0,4,393,NA,NA,165,9,56,7,3,36,388,NA,NA,2,0,1,0,0,0,5,NA,NA,473795,51303,232371,66392,30178,12071,2387083,NA,NA,"15.70%","1.70%","7.70%","2.20%","1.00%","0.40%","79.10%",NA,NA,254.0972361,147.1648831,524.7642778,70.49042053,53.35012261,1878.883274,122.1742185,NA,NA,3.482518811,1.754283375,2.409939278,1.054343897,0.9941016635,29.82354403,1.625414784,NA,NA,NA,NA,NA,NA
"1:57","1:56","1:55","2020-08-19",11909,747,12096,465,161,2264,28771,NA,NA,166,7,116,1,4,8,453,NA,NA,163,9,55,7,3,36,383,NA,NA,0,0,0,0,0,0,14,NA,NA,473795,51303,232371,66392,30178,12071,2387083,NA,NA,"15.70%","1.70%","7.70%","2.20%","1.00%","0.40%","79.10%",NA,NA,251.3534334,145.6055201,520.5468841,70.03855886,53.35012261,1875.569547,120.5278576,NA,NA,3.440306462,1.754283375,2.366904648,1.054343897,0.9941016635,29.82354403,1.604468718,NA,NA,NA,NA,NA,NA
"1:58","1:57","1:56","2020-08-18",11743,740,11980,464,157,2256,28318,NA,NA,108,12,124,5,4,9,418,NA,NA,163,9,55,7,3,36,369,NA,NA,4,0,1,0,0,1,7,NA,NA,473795,51303,232371,66392,30178,12071,2387083,NA,NA,"15.70%","1.70%","7.70%","2.20%","1.00%","0.40%","79.10%",NA,NA,247.8498085,144.2410775,515.554867,69.88793831,52.02465372,1868.942093,118.630144,NA,NA,3.440306462,1.754283375,2.366904648,1.054343897,0.9941016635,29.82354403,1.545819731,NA,NA,NA,NA,NA,NA
"1:59","1:58","1:57","2020-08-17",11635,728,11856,459,153,2247,27900,NA,NA,69,2,60,3,0,5,165,NA,NA,159,9,54,7,3,35,362,NA,NA,1,0,0,0,0,0,3,NA,NA,473795,51303,232371,66392,30178,12071,2387083,NA,NA,"15.70%","1.70%","7.70%","2.20%","1.00%","0.40%","79.10%",NA,NA,245.5703416,141.902033,510.2185729,69.13483552,50.69918484,1861.486207,116.8790528,NA,NA,3.355881763,1.754283375,2.323870018,1.054343897,0.9941016635,28.99511225,1.516495237,NA,NA,NA,NA,NA,NA
"1:60","1:59","1:58","2020-08-16",11566,726,11796,456,153,2242,27735,NA,NA,149,8,50,3,0,8,240,NA,NA,158,9,54,7,3,35,359,NA,NA,0,0,0,0,0,0,-1,NA,NA,473795,51303,232371,66392,30178,12071,2387083,NA,NA,"15.70%","1.70%","7.70%","2.20%","1.00%","0.40%","79.10%",NA,NA,244.1140156,141.5121923,507.6364951,68.68297385,50.69918484,1857.344048,116.1878326,NA,NA,3.334775589,1.754283375,2.323870018,1.054343897,0.9941016635,28.99511225,1.503927597,NA,NA,NA,NA,NA,NA
"1:61","1:60","1:59","2020-08-15",11417,718,11746,453,153,2234,27495,NA,NA,3,-1,-43,-8,-14,-12,-87,NA,NA,158,9,54,7,3,35,360,NA,NA,3,1,0,0,0,0,7,NA,NA,473795,51303,232371,66392,30178,12071,2387083,NA,NA,"15.70%","1.70%","7.70%","2.20%","1.00%","0.40%","79.10%",NA,NA,240.9691955,139.9528293,505.4847636,68.23111218,50.69918484,1850.716593,115.1824214,NA,NA,3.334775589,1.754283375,2.323870018,1.054343897,0.9941016635,28.99511225,1.50811681,NA,NA,NA,NA,NA,NA
"1:62","1:61","1:60","2020-08-14",11414,719,11789,461,167,2246,27582,NA,NA,200,8,145,3,4,11,604,NA,NA,155,8,54,7,3,35,353,NA,NA,1,0,0,0,0,0,4,NA,NA,473795,51303,232371,66392,30178,12071,2387083,NA,NA,"15.70%","1.70%","7.70%","2.20%","1.00%","0.40%","79.10%",NA,NA,240.905877,140.1477496,507.3352527,69.43607664,55.33832593,1860.657775,115.546883,NA,NA,3.271457065,1.559363,2.323870018,1.054343897,0.9941016635,28.99511225,1.478792317,NA,NA,NA,NA,NA,NA
"1:63","1:62","1:61","2020-08-13",11214,711,11644,458,163,2235,26978,NA,NA,167,5,153,1,10,5,489,NA,NA,154,8,54,7,3,35,349,NA,NA,1,0,0,1,0,0,8,NA,NA,473795,51303,232371,66392,30178,12071,2387083,NA,NA,"15.70%","1.70%","7.70%","2.20%","1.00%","0.40%","79.10%",NA,NA,236.6846421,138.5883866,501.0952313,68.98421497,54.01285705,1851.545025,113.0165981,NA,NA,3.25035089,1.559363,2.323870018,1.054343897,0.9941016635,28.99511225,1.462035463,NA,NA,NA,NA,NA,NA
"1:64","1:63","1:62","2020-08-12",11047,706,11491,457,153,2230,26489,NA,NA,207,9,153,5,5,4,573,NA,NA,153,8,54,6,3,35,341,NA,NA,3,0,2,0,0,0,5,NA,NA,473795,51303,232371,66392,30178,12071,2387083,NA,NA,"15.70%","1.70%","7.70%","2.20%","1.00%","0.40%","79.10%",NA,NA,233.1599109,137.6137848,494.5109329,68.83359441,50.69918484,1847.402866,110.9680727,NA,NA,3.229244716,1.559363,2.323870018,0.9037233402,0.9941016635,28.99511225,1.428521756,NA,NA,NA,NA,NA,NA
"1:65","1:64","1:63","2020-08-11",10840,697,11338,452,148,2226,25916,NA,NA,158,7,173,6,3,2,424,NA,NA,150,8,52,6,3,35,336,NA,NA,3,0,1,0,0,0,9,NA,NA,473795,51303,232371,66392,30178,12071,2387083,NA,NA,"15.70%","1.70%","7.70%","2.20%","1.00%","0.40%","79.10%",NA,NA,228.7909328,135.8595014,487.9266346,68.08049163,49.04234873,1844.089139,108.5676535,NA,NA,3.165926192,1.559363,2.237800758,0.9037233402,0.9941016635,28.99511225,1.40757569,NA,NA,NA,NA,NA,NA
"1:66","1:65","1:64","2020-08-10",10682,690,11165,448,145,2224,25492,NA,NA,113,4,84,1,2,4,314,NA,NA,147,8,51,6,3,35,327,NA,NA,0,0,1,0,1,0,8,NA,NA,473795,51303,232371,66392,30178,12071,2387083,NA,NA,"15.70%","1.70%","7.70%","2.20%","1.00%","0.40%","79.10%",NA,NA,225.4561572,134.4950588,480.4816436,67.4780094,48.04824707,1842.432276,106.791427,NA,NA,3.102607668,1.559363,2.194766128,0.9037233402,0.9941016635,28.99511225,1.369872769,NA,NA,NA,NA,NA,NA
"1:67","1:66","1:65","2020-08-09",10569,686,11081,447,143,2220,25178,NA,NA,129,0,80,0,3,11,313,NA,NA,147,8,50,6,2,35,319,NA,NA,4,0,0,0,0,0,4,NA,NA,473795,51303,232371,66392,30178,12071,2387083,NA,NA,"15.70%","1.70%","7.70%","2.20%","1.00%","0.40%","79.10%",NA,NA,223.0711595,133.7153773,476.8667347,67.32738884,47.38551263,1839.118549,105.476014,NA,NA,3.102607668,1.559363,2.151731498,0.9037233402,0.6627344423,28.99511225,1.336359063,NA,NA,NA,NA,NA,NA
"1:68","1:67","1:66","2020-08-08",10440,686,11001,447,140,2209,24865,NA,NA,156,13,116,7,2,1,451,NA,NA,143,8,50,6,2,35,315,NA,NA,3,1,2,0,0,0,10,NA,NA,473795,51303,232371,66392,30178,12071,2387083,NA,NA,"15.70%","1.70%","7.70%","2.20%","1.00%","0.40%","79.10%",NA,NA,220.3484629,133.7153773,473.4239643,67.32738884,46.39141096,1830.005799,104.1647902,NA,NA,3.018182969,1.559363,2.151731498,0.9037233402,0.6627344423,28.99511225,1.319602209,NA,NA,NA,NA,NA,NA
"1:69","1:68","1:67","2020-08-07",10284,673,10885,440,138,2208,24414,NA,NA,210,4,142,19,2,10,481,NA,NA,140,7,48,6,2,35,305,NA,NA,2,0,2,0,0,0,2,NA,NA,473795,51303,232371,66392,30178,12071,2387083,NA,NA,"15.70%","1.70%","7.70%","2.20%","1.00%","0.40%","79.10%",NA,NA,217.0558997,131.1814124,468.4319472,66.27304495,45.72867652,1829.177367,102.275455,NA,NA,2.954864446,1.364442625,2.065662238,0.9037233402,0.6627344423,28.99511225,1.277710075,NA,NA,NA,NA,NA,NA
"1:70","1:69","1:68","2020-08-06",10074,669,10743,421,134,2198,23933,NA,NA,146,10,144,5,5,5,360,NA,NA,138,7,46,6,2,35,303,NA,NA,2,0,0,0,0,2,1,NA,NA,473795,51303,232371,66392,30178,12071,2387083,NA,NA,"15.70%","1.70%","7.70%","2.20%","1.00%","0.40%","79.10%",NA,NA,212.623603,130.4017309,462.3210297,63.41125437,44.40320763,1820.893049,100.2604434,NA,NA,2.912652096,1.364442625,1.979592978,0.9037233402,0.6627344423,28.99511225,1.269331649,NA,NA,NA,NA,NA,NA
"1:71","1:70","1:69","2020-08-05",9928,659,10599,416,129,2193,23573,NA,NA,299,16,177,5,4,10,740,NA,NA,136,7,46,6,2,33,302,NA,NA,7,0,3,0,0,0,12,NA,NA,473795,51303,232371,66392,30178,12071,2387083,NA,NA,"15.70%","1.70%","7.70%","2.20%","1.00%","0.40%","79.10%",NA,NA,209.5421015,128.4525271,456.124043,62.65815158,42.74637153,1816.750891,98.75232658,NA,NA,2.870439747,1.364442625,1.979592978,0.9037233402,0.6627344423,27.3382487,1.265142435,NA,NA,NA,NA,NA,NA
"1:72","1:71","1:70","2020-08-04",9629,643,10376,411,125,2183,22833,NA,NA,231,16,177,5,2,9,482,NA,NA,129,7,43,6,2,33,290,NA,NA,7,0,-1,0,0,1,5,NA,NA,473795,51303,232371,66392,30178,12071,2387083,NA,NA,"15.70%","1.70%","7.70%","2.20%","1.00%","0.40%","79.10%",NA,NA,203.2313553,125.3338011,446.5273205,61.9050488,41.42090264,1808.466573,95.6523087,NA,NA,2.722696525,1.364442625,1.850489089,0.9037233402,0.6627344423,27.3382487,1.214871875,NA,NA,NA,NA,NA,NA
"1:73","1:72","1:71","2020-08-03",9398,627,10199,406,123,2174,22351,NA,NA,113,3,96,1,2,7,286,NA,NA,122,7,44,6,2,32,285,NA,NA,4,0,0,0,0,0,7,NA,NA,473795,51303,232371,66392,30178,12071,2387083,NA,NA,"15.70%","1.70%","7.70%","2.20%","1.00%","0.40%","79.10%",NA,NA,198.355829,122.2150751,438.910191,61.15194602,40.7581682,1801.010687,93.63310786,NA,NA,2.574953303,1.364442625,1.893523719,0.9037233402,0.6627344423,26.50981692,1.193925808,NA,NA,NA,NA,NA,NA
"1:74","1:73","1:72","2020-08-02",9285,624,10103,405,121,2167,22065,NA,NA,123,6,107,2,1,6,295,NA,NA,118,7,44,6,2,32,278,NA,NA,0,0,0,0,0,0,7,NA,NA,473795,51303,232371,66392,30178,12071,2387083,NA,NA,"15.70%","1.70%","7.70%","2.20%","1.00%","0.40%","79.10%",NA,NA,195.9708313,121.630314,434.7788666,61.00132546,40.09543376,1795.211664,92.43499283,NA,NA,2.490528604,1.364442625,1.893523719,0.9037233402,0.6627344423,26.50981692,1.164601315,NA,NA,NA,NA,NA,NA
"1:75","1:74","1:73","2020-08-01",9162,618,9996,403,120,2161,21770,NA,NA,151,16,122,-15,0,21,366,NA,NA,118,7,44,6,2,32,271,NA,NA,1,0,0,0,0,0,4,NA,NA,473795,51303,232371,66392,30178,12071,2387083,NA,NA,"15.70%","1.70%","7.70%","2.20%","1.00%","0.40%","79.10%",NA,NA,193.3747718,120.4607918,430.1741611,60.70008435,39.76406654,1790.241074,91.19917489,NA,NA,2.490528604,1.364442625,1.893523719,0.9037233402,0.6627344423,26.50981692,1.135276821,NA,NA,NA,NA,NA,NA
"1:76","1:75","1:74","2020-07-31",9011,602,9874,418,120,2140,21404,NA,NA,149,9,195,1,0,13,409,NA,NA,117,7,44,6,2,32,267,NA,NA,2,1,1,0,0,1,7,NA,NA,473795,51303,232371,66392,30178,12071,2387083,NA,NA,"15.70%","1.70%","7.70%","2.20%","1.00%","0.40%","79.10%",NA,NA,190.1877394,117.3420658,424.9239363,62.9593927,39.76406654,1772.844006,89.6659228,NA,NA,2.46942243,1.364442625,1.893523719,0.9037233402,0.6627344423,26.50981692,1.118519968,NA,NA,NA,NA,NA,NA
"1:77","1:76","1:75","2020-07-30",8862,593,9679,417,120,2127,20995,NA,NA,189,6,186,9,0,24,468,NA,NA,115,6,43,6,2,31,260,NA,NA,2,0,0,0,0,0,5,NA,NA,473795,51303,232371,66392,30178,12071,2387083,NA,NA,"15.70%","1.70%","7.70%","2.20%","1.00%","0.40%","79.10%",NA,NA,187.0429194,115.5877824,416.5321834,62.80877214,39.76406654,1762.074393,87.95253454,NA,NA,2.42721008,1.16952225,1.850489089,0.9037233402,0.6627344423,25.68138514,1.089195474,NA,NA,NA,NA,NA,NA
"1:78","1:77","1:76","2020-07-29",8673,587,9493,408,120,2103,20527,NA,NA,249,7,185,4,2,7,562,NA,NA,113,6,43,6,2,31,255,NA,NA,3,0,1,0,0,1,5,NA,NA,473795,51303,232371,66392,30178,12071,2387083,NA,NA,"15.70%","1.70%","7.70%","2.20%","1.00%","0.40%","79.10%",NA,NA,183.0538524,114.4182601,408.5277423,61.45318713,39.76406654,1742.19203,85.99198268,NA,NA,2.384997731,1.16952225,1.850489089,0.9037233402,0.6627344423,25.68138514,1.068249407,NA,NA,NA,NA,NA,NA
"1:79","1:78","1:77","2020-07-28",8424,580,9308,404,118,2096,19965,NA,NA,160,13,151,1,5,14,463,NA,NA,110,6,42,6,2,30,250,NA,NA,4,0,1,0,0,0,13,NA,NA,473795,51303,232371,66392,30178,12071,2387083,NA,NA,"15.70%","1.70%","7.70%","2.20%","1.00%","0.40%","79.10%",NA,NA,177.7984149,113.0538175,400.5663357,60.8507049,39.1013321,1736.393008,83.63764477,NA,NA,2.321679207,1.16952225,1.807454459,0.9037233402,0.6627344423,24.85295336,1.047303341,NA,NA,NA,NA,NA,NA
"1:80","1:79","1:78","2020-07-27",8264,567,9157,403,113,2082,19502,NA,NA,103,6,126,1,0,10,363,NA,NA,106,6,41,6,2,30,237,NA,NA,0,0,1,0,0,0,5,NA,NA,473795,51303,232371,66392,30178,12071,2387083,NA,NA,"15.70%","1.70%","7.70%","2.20%","1.00%","0.40%","79.10%",NA,NA,174.421427,110.5198526,394.0681066,60.70008435,37.44449599,1724.794963,81.69803899,NA,NA,2.237254509,1.16952225,1.764419829,0.9037233402,0.6627344423,24.85295336,0.9928435668,NA,NA,NA,NA,NA,NA
"1:81","1:80","1:79","2020-07-26",8161,561,9031,402,113,2072,19139,NA,NA,103,10,109,5,4,29,273,NA,NA,106,6,40,6,2,30,232,NA,NA,0,0,0,0,0,0,1,NA,NA,473795,51303,232371,66392,30178,12071,2387083,NA,NA,"15.70%","1.70%","7.70%","2.20%","1.00%","0.40%","79.10%",NA,NA,172.247491,109.3503304,388.6457432,60.54946379,37.44449599,1716.510645,80.17735454,NA,NA,2.237254509,1.16952225,1.721385199,0.9037233402,0.6627344423,24.85295336,0.9718975,NA,NA,NA,NA,NA,NA
"1:82","1:81","1:80","2020-07-25",8058,551,8922,397,109,2043,18866,NA,NA,204,10,138,7,2,15,470,NA,NA,106,6,40,6,2,30,231,NA,NA,1,0,0,1,1,0,6,NA,NA,473795,51303,232371,66392,30178,12071,2387083,NA,NA,"15.70%","1.70%","7.70%","2.20%","1.00%","0.40%","79.10%",NA,NA,170.073555,107.4011266,383.9549686,59.79636101,36.11902711,1692.486124,79.03369929,NA,NA,2.237254509,1.16952225,1.721385199,0.9037233402,0.6627344423,24.85295336,0.9677082866,NA,NA,NA,NA,NA,NA
"1:83","1:82","1:81","2020-07-24",7854,541,8784,390,107,2028,18396,NA,NA,144,19,170,5,5,16,487,NA,NA,105,6,40,5,1,30,225,NA,NA,3,0,0,0,0,0,4,NA,NA,473795,51303,232371,66392,30178,12071,2387083,NA,NA,"15.70%","1.70%","7.70%","2.20%","1.00%","0.40%","79.10%",NA,NA,165.7678954,105.4519229,378.0161896,58.74201711,35.45629266,1680.059647,77.06476901,NA,NA,2.216148334,1.16952225,1.721385199,0.7531027835,0.3313672212,24.85295336,0.9425730065,NA,NA,NA,NA,NA,NA
"1:84","1:83","1:82","2020-07-23",7710,522,8614,385,102,2012,17909,NA,NA,189,24,203,6,1,27,503,NA,NA,102,6,40,5,1,30,221,NA,NA,2,0,0,0,1,0,7,NA,NA,473795,51303,232371,66392,30178,12071,2387083,NA,NA,"15.70%","1.70%","7.70%","2.20%","1.00%","0.40%","79.10%",NA,NA,162.7286063,101.7484358,370.7003025,57.98891433,33.79945656,1666.804739,75.0246221,NA,NA,2.15282981,1.16952225,1.721385199,0.7531027835,0.3313672212,24.85295336,0.925816153,NA,NA,NA,NA,NA,NA
"1:85","1:84","1:83","2020-07-22",7521,498,8411,379,101,1985,17406,NA,NA,157,17,175,23,10,29,404,NA,NA,100,6,40,5,0,30,214,NA,NA,1,0,0,0,0,1,3,NA,NA,473795,51303,232371,66392,30178,12071,2387083,NA,NA,"15.70%","1.70%","7.70%","2.20%","1.00%","0.40%","79.10%",NA,NA,158.7395393,97.07034676,361.9642727,57.08519099,33.46808934,1644.437081,72.91744778,NA,NA,2.110617461,1.16952225,1.721385199,0.7531027835,0,24.85295336,0.8964916595,NA,NA,NA,NA,NA,NA
"1:86","1:85","1:84","2020-07-21",7364,481,8236,356,91,1956,17002,NA,NA,197,14,171,6,1,41,478,NA,NA,99,6,40,5,0,29,211,NA,NA,4,0,2,0,0,0,5,NA,NA,473795,51303,232371,66392,30178,12071,2387083,NA,NA,"15.70%","1.70%","7.70%","2.20%","1.00%","0.40%","79.10%",NA,NA,155.4258698,93.75670039,354.4332124,53.62091818,30.15441713,1620.412559,71.22500558,NA,NA,2.089511287,1.16952225,1.721385199,0.7531027835,0,24.02452158,0.8839240194,NA,NA,NA,NA,NA,NA
"1:87","1:86","1:85","2020-07-20",7167,467,8065,350,90,1915,16524,NA,NA,126,8,139,3,0,8,308,NA,NA,95,6,38,5,0,29,206,NA,NA,2,0,3,0,0,0,4,NA,NA,473795,51303,232371,66392,30178,12071,2387083,NA,NA,"15.70%","1.70%","7.70%","2.20%","1.00%","0.40%","79.10%",NA,NA,151.2679534,91.02781514,347.0742907,52.71719484,29.8230499,1586.446856,69.2225616,NA,NA,2.005086588,1.16952225,1.635315939,0.7531027835,0,24.02452158,0.8629779526,NA,NA,NA,NA,NA,NA
"1:88","1:87","1:86","2020-07-19",7041,459,7926,347,90,1907,16216,NA,NA,123,7,114,3,7,9,274,NA,NA,93,6,35,5,0,29,202,NA,NA,0,0,0,0,0,0,0,NA,NA,473795,51303,232371,66392,30178,12071,2387083,NA,NA,"15.70%","1.70%","7.70%","2.20%","1.00%","0.40%","79.10%",NA,NA,148.6085754,89.46845214,341.0924771,52.26533317,29.8230499,1579.819402,67.93228388,NA,NA,1.962874239,1.16952225,1.506212049,0.7531027835,0,24.02452158,0.8462210991,NA,NA,NA,NA,NA,NA
"1:89","1:88","1:87","2020-07-18",6918,452,7812,344,83,1898,15942,NA,NA,134,9,142,3,1,9,338,NA,NA,93,6,35,5,0,29,202,NA,NA,1,0,0,0,0,0,3,NA,NA,473795,51303,232371,66392,30178,12071,2387083,NA,NA,"15.70%","1.70%","7.70%","2.20%","1.00%","0.40%","79.10%",NA,NA,146.012516,88.10400951,336.1865293,51.8134715,27.50347936,1572.363516,66.78443942,NA,NA,1.962874239,1.16952225,1.506212049,0.7531027835,0,24.02452158,0.8462210991,NA,NA,NA,NA,NA,NA
"1:90","1:89","1:88","2020-07-17",6784,443,7670,341,82,1889,15604,NA,NA,143,8,131,4,0,25,372,NA,NA,92,6,35,5,0,29,199,NA,NA,3,0,2,0,0,0,8,NA,NA,473795,51303,232371,66392,30178,12071,2387083,NA,NA,"15.70%","1.70%","7.70%","2.20%","1.00%","0.40%","79.10%",NA,NA,143.1842886,86.34972614,330.0756118,51.36160983,27.17211213,1564.90763,65.3684853,NA,NA,1.941768064,1.16952225,1.506212049,0.7531027835,0,24.02452158,0.8336534591,NA,NA,NA,NA,NA,NA
"1:91","1:90","1:89","2020-07-16",6641,435,7539,338,82,1864,15232,NA,NA,197,10,216,39,4,32,559,NA,NA,89,6,33,5,0,29,191,NA,NA,2,0,1,1,0,0,3,NA,NA,473795,51303,232371,66392,30178,12071,2387083,NA,NA,"15.70%","1.70%","7.70%","2.20%","1.00%","0.40%","79.10%",NA,NA,140.1661056,84.79036314,324.4380753,50.90974816,27.17211213,1544.196835,63.81009793,NA,NA,1.87844954,1.16952225,1.420142789,0.7531027835,0,24.02452158,0.8001397522,NA,NA,NA,NA,NA,NA
"1:92","1:91","1:90","2020-07-15",6444,425,7323,299,78,1832,14673,NA,NA,161,13,211,5,1,47,460,NA,NA,87,6,32,4,0,29,188,NA,NA,6,2,2,1,0,2,10,NA,NA,473795,51303,232371,66392,30178,12071,2387083,NA,NA,"15.70%","1.70%","7.70%","2.20%","1.00%","0.40%","79.10%",NA,NA,136.0081892,82.84115939,315.1425952,45.03554645,25.84664325,1517.687018,61.46832766,NA,NA,1.836237191,1.16952225,1.377108159,0.6024822268,0,24.02452158,0.7875721121,NA,NA,NA,NA,NA,NA
"1:93","1:92","1:91","2020-07-14",6283,412,7112,294,77,1785,14213,NA,NA,161,14,198,8,3,33,508,NA,NA,81,4,30,3,0,27,178,NA,NA,2,1,0,0,0,0,4,NA,NA,473795,51303,232371,66392,30178,12071,2387083,NA,NA,"15.70%","1.70%","7.70%","2.20%","1.00%","0.40%","79.10%",NA,NA,132.6100951,80.30719451,306.0622883,44.28244367,25.51527603,1478.750725,59.54128952,NA,NA,1.709600144,0.7796815001,1.291038899,0.4518616701,0,22.36765802,0.7456799785,NA,NA,NA,NA,NA,NA
"1:94","1:93","1:92","2020-07-13",6122,398,6914,286,74,1752,13705,NA,NA,80,3,63,-1,0,9,163,NA,NA,79,3,30,3,0,27,173,NA,NA,1,0,2,0,0,0,2,NA,NA,473795,51303,232371,66392,30178,12071,2387083,NA,NA,"15.70%","1.70%","7.70%","2.20%","1.00%","0.40%","79.10%",NA,NA,129.212001,77.57830926,297.5414316,43.07747921,24.52117437,1451.412476,57.41316913,NA,NA,1.667387794,0.5847611251,1.291038899,0.4518616701,0,22.36765802,0.7247339116,NA,NA,NA,NA,NA,NA
"1:95","1:94","1:93","2020-07-12",6042,395,6851,287,74,1743,13542,NA,NA,83,8,100,4,1,11,191,NA,NA,78,3,28,3,0,27,171,NA,NA,1,0,0,0,0,0,0,NA,NA,473795,51303,232371,66392,30178,12071,2387083,NA,NA,"15.70%","1.70%","7.70%","2.20%","1.00%","0.40%","79.10%",NA,NA,127.523507,76.99354814,294.8302499,43.22809977,24.52117437,1443.95659,56.73032735,NA,NA,1.64628162,0.5847611251,1.204969639,0.4518616701,0,22.36765802,0.7163554849,NA,NA,NA,NA,NA,NA
"1:96","1:95","1:94","2020-07-11",5959,387,6751,283,73,1732,13351,NA,NA,163,9,162,4,2,37,548,NA,NA,77,3,28,3,0,27,171,NA,NA,3,-1,0,0,0,0,4,NA,NA,473795,51303,232371,66392,30178,12071,2387083,NA,NA,"15.70%","1.70%","7.70%","2.20%","1.00%","0.40%","79.10%",NA,NA,125.7716945,75.43418514,290.5267869,42.62561754,24.18980714,1434.843841,55.9301876,NA,NA,1.625175445,0.5847611251,1.204969639,0.4518616701,0,22.36765802,0.7163554849,NA,NA,NA,NA,NA,NA
"1:97","1:96","1:95","2020-07-10",5796,378,6589,279,71,1695,12803,NA,NA,185,18,180,3,2,18,436,NA,NA,74,4,28,3,0,27,167,NA,NA,0,1,1,0,0,0,2,NA,NA,473795,51303,232371,66392,30178,12071,2387083,NA,NA,"15.70%","1.70%","7.70%","2.20%","1.00%","0.40%","79.10%",NA,NA,122.331388,73.67990176,283.5551769,42.02313532,23.5270727,1404.191865,53.63449867,NA,NA,1.561856921,0.7796815001,1.204969639,0.4518616701,0,22.36765802,0.6995986315,NA,NA,NA,NA,NA,NA
"1:98","1:97","1:96","2020-07-09",5611,360,6409,276,69,1677,12367,NA,NA,140,9,171,2,1,24,412,NA,NA,74,3,27,3,0,27,167,NA,NA,0,0,1,0,0,0,2,NA,NA,473795,51303,232371,66392,30178,12071,2387083,NA,NA,"15.70%","1.70%","7.70%","2.20%","1.00%","0.40%","79.10%",NA,NA,118.4267457,70.17133501,275.8089435,41.57127365,22.86433826,1389.280093,51.80800165,NA,NA,1.561856921,0.5847611251,1.161935009,0.4518616701,0,22.36765802,0.6995986315,NA,NA,NA,NA,NA,NA
"1:99","1:98","1:97","2020-07-08",5471,351,6238,274,68,1653,11955,NA,NA,160,12,181,2,1,26,399,NA,NA,74,3,26,3,0,27,165,NA,NA,2,0,0,0,0,0,1,NA,NA,473795,51303,232371,66392,30178,12071,2387083,NA,NA,"15.70%","1.70%","7.70%","2.20%","1.00%","0.40%","79.10%",NA,NA,115.4718813,68.41705163,268.4500217,41.27003253,22.53297104,1369.39773,50.08204574,NA,NA,1.561856921,0.5847611251,1.118900379,0.4518616701,0,22.36765802,0.6912202047,NA,NA,NA,NA,NA,NA
"1:100","1:99","1:98","2020-07-07",5311,339,6057,272,67,1627,11556,NA,NA,72,13,144,1,3,30,274,NA,NA,72,3,26,3,0,27,164,NA,NA,2,0,2,0,0,0,5,NA,NA,473795,51303,232371,66392,30178,12071,2387083,NA,NA,"15.70%","1.70%","7.70%","2.20%","1.00%","0.40%","79.10%",NA,NA,112.0948934,66.07800713,260.6607537,40.96879142,22.20160382,1347.858504,48.41054961,NA,NA,1.519644572,0.5847611251,1.118900379,0.4518616701,0,22.36765802,0.6870309914,NA,NA,NA,NA,NA,NA
"1:101","1:100","1:99","2020-07-06",5239,326,5913,271,64,1597,11282,NA,NA,70,2,97,2,1,28,192,NA,NA,70,3,24,3,0,27,159,NA,NA,0,0,1,0,0,1,3,NA,NA,473795,51303,232371,66392,30178,12071,2387083,NA,NA,"15.70%","1.70%","7.70%","2.20%","1.00%","0.40%","79.10%",NA,NA,110.5752488,63.54404226,254.463767,40.81817086,21.20750215,1323.00555,47.26270515,NA,NA,1.477432223,0.5847611251,1.032831119,0.4518616701,0,22.36765802,0.6660849246,NA,NA,NA,NA,NA,NA
"1:102","1:101","1:100","2020-07-05",5169,324,5816,269,63,1569,11090,NA,NA,92,3,73,2,0,17,256,NA,NA,70,3,23,3,0,26,156,NA,NA,0,0,0,0,0,0,0,NA,NA,473795,51303,232371,66392,30178,12071,2387083,NA,NA,"15.70%","1.70%","7.70%","2.20%","1.00%","0.40%","79.10%",NA,NA,109.0978166,63.15420151,250.2894079,40.51692975,20.87613493,1299.809461,46.45837619,NA,NA,1.477432223,0.5847611251,0.9897964892,0.4518616701,0,21.53922624,0.6535172845,NA,NA,NA,NA,NA,NA
"1:103","1:102","1:101","2020-07-04",5077,321,5743,267,63,1552,10834,NA,NA,93,13,105,1,0,10,237,NA,NA,70,3,23,3,0,26,156,NA,NA,1,0,1,0,0,0,4,NA,NA,473795,51303,232371,66392,30178,12071,2387083,NA,NA,"15.70%","1.70%","7.70%","2.20%","1.00%","0.40%","79.10%",NA,NA,107.1560485,62.56944038,247.1478799,40.21568864,20.87613493,1285.72612,45.38593756,NA,NA,1.477432223,0.5847611251,0.9897964892,0.4518616701,0,21.53922624,0.6535172845,NA,NA,NA,NA,NA,NA
"1:104","1:103","1:102","2020-07-03",4984,308,5638,266,63,1542,10597,NA,NA,62,14,130,4,1,12,262,NA,NA,69,3,22,3,0,26,152,NA,NA,0,0,0,0,0,0,2,NA,NA,473795,51303,232371,66392,30178,12071,2387083,NA,NA,"15.70%","1.70%","7.70%","2.20%","1.00%","0.40%","79.10%",NA,NA,105.1931743,60.03547551,242.6292438,40.06506808,20.87613493,1277.441803,44.393094,NA,NA,1.456326048,0.5847611251,0.9467618593,0.4518616701,0,21.53922624,0.636760431,NA,NA,NA,NA,NA,NA
"1:105","1:104","1:103","2020-07-02",4922,294,5508,262,62,1530,10335,NA,NA,144,36,192,36,5,87,461,NA,NA,69,3,22,3,0,26,150,NA,NA,0,0,0,0,0,2,0,NA,NA,473795,51303,232371,66392,30178,12071,2387083,NA,NA,"15.70%","1.70%","7.70%","2.20%","1.00%","0.40%","79.10%",NA,NA,103.8845914,57.30659026,237.0347419,39.46258585,20.54476771,1267.500621,43.2955201,NA,NA,1.456326048,0.5847611251,0.9467618593,0.4518616701,0,21.53922624,0.6283820043,NA,NA,NA,NA,NA,NA
"1:106","1:105","1:104","2020-07-01",4778,258,5316,226,57,1443,9874,NA,NA,137,11,157,2,4,54,300,NA,NA,69,3,22,3,0,24,150,NA,NA,0,0,1,0,0,0,8,NA,NA,473795,51303,232371,66392,30178,12071,2387083,NA,NA,"15.70%","1.70%","7.70%","2.20%","1.00%","0.40%","79.10%",NA,NA,100.85,50.29,228.77,34.04,18.89,1195.43,41.36,NA,NA,1.46,0.58,0.95,0.45,0,19.88,0.63,NA,NA,NA,NA,NA,NA
"1:107","1:106","1:105","2020-06-30",4641,247,5159,224,53,1443,9574,NA,NA,110,15,220,6,2,54,275,NA,NA,69,3,21,3,0,24,142,NA,NA,2,0,1,0,0,0,3,NA,NA,473795,51303,232371,66392,30178,12071,2387083,NA,NA,"15.70%","1.70%","7.70%","2.20%","1.00%","0.40%","79.10%",NA,NA,97.95,48.15,222.02,33.74,17.56,1195.43,40.11,NA,NA,1.46,0.58,0.9,0.45,0,19.88,0.59,NA,NA,NA,NA,NA,NA
"1:108","1:107","1:106","2020-06-29",4531,232,4939,218,51,1389,9299,NA,NA,55,8,122,2,1,11,151,NA,NA,67,3,20,3,0,24,139,NA,NA,0,1,0,0,0,0,3,NA,NA,473795,51303,232371,66392,30178,12071,2387083,NA,NA,"15.70%","1.70%","7.70%","2.20%","1.00%","0.40%","79.10%",NA,NA,95.63,45.22,212.55,32.84,16.9,1150.69,38.96,NA,NA,1.41,0.58,0.86,0.45,0,19.88,0.58,NA,NA,NA,NA,NA,NA
"1:109","1:108","1:107","2020-06-28",4476,224,4817,216,50,1378,9148,NA,NA,61,6,126,3,1,25,199,NA,NA,67,2,20,3,0,24,136,NA,NA,0,0,0,0,0,2,3,NA,NA,473795,51303,232371,66392,30178,12071,2387083,NA,NA,"15.70%","1.70%","7.70%","2.20%","1.00%","0.40%","79.10%",NA,NA,94.47,43.66,207.3,32.53,16.57,1141.58,38.32,NA,NA,1.41,0.39,0.86,0.45,0,19.88,0.57,NA,NA,NA,NA,NA,NA
"1:110","1:109","1:108","2020-06-27",4415,218,4691,213,49,1353,8949,NA,NA,77,18,161,3,1,26,291,NA,NA,67,2,20,3,0,22,136,NA,NA,0,1,1,0,0,3,3,NA,NA,473795,51303,232371,66392,30178,12071,2387083,NA,NA,"15.70%","1.70%","7.70%","2.20%","1.00%","0.40%","79.10%",NA,NA,93.18,42.49,201.88,32.08,16.24,1120.87,37.49,NA,NA,1.41,0.39,0.86,0.45,0,18.23,0.57,NA,NA,NA,NA,NA,NA
"1:111","1:110","1:109","2020-06-26",4338,200,4530,210,48,1327,8658,NA,NA,93,16,144,4,3,42,335,NA,NA,67,1,19,3,0,19,133,NA,NA,1,0,1,1,0,2,3,NA,NA,473795,51303,232371,66392,30178,12071,2387083,NA,NA,"15.70%","1.70%","7.70%","2.20%","1.00%","0.40%","79.10%",NA,NA,91.56,38.98,194.95,31.63,15.91,1099.33,36.27,NA,NA,1.41,0.19,0.82,0.45,0,15.74,0.56,NA,NA,NA,NA,NA,NA
"1:112","1:111","1:110","2020-06-25",4245,184,4386,206,45,1285,8323,NA,NA,124,16,343,11,1,169,359,NA,NA,66,1,18,2,0,17,130,NA,NA,0,0,0,0,0,0,0,NA,NA,473795,51303,232371,66392,30178,12071,2387083,NA,NA,"15.70%","1.70%","7.70%","2.20%","1.00%","0.40%","79.10%",NA,NA,89.6,35.87,188.75,31.03,14.91,1064.53,34.87,NA,NA,1.39,0.19,0.77,0.3,0,14.08,0.54,NA,NA,NA,NA,NA,NA
"1:113","1:112","1:111","2020-06-24",4121,168,4043,195,44,1116,7964,NA,NA,123,7,150,1,0,60,147,NA,NA,66,1,18,2,0,17,130,NA,NA,0,0,-1,0,0,2,1,NA,NA,473795,51303,232371,66392,30178,12071,2387083,NA,NA,"15.70%","1.70%","7.70%","2.20%","1.00%","0.40%","79.10%",NA,NA,86.98,32.75,173.99,29.37,14.58,924.53,33.36,NA,NA,1.39,0.19,0.77,0.3,0,14.08,0.54,NA,NA,NA,NA,NA,NA
"1:114","1:113","1:112","2020-06-23",3998,161,3892,194,44,1056,7669,NA,NA,115,5,174,6,1,46,257,NA,NA,66,1,19,2,0,15,129,NA,NA,1,0,1,0,0,2,4,NA,NA,473795,51303,232371,66392,30178,12071,2387083,NA,NA,"15.70%","1.70%","7.70%","2.20%","1.00%","0.40%","79.10%",NA,NA,84.38,31.38,167.49,29.22,14.58,874.82,32.13,NA,NA,1.39,0.19,0.82,0.3,0,12.43,0.54,NA,NA,NA,NA,NA,NA
"1:115","1:114","1:113","2020-06-22",3883,156,3719,188,44,1010,7412,1493,2085,60,1,85,1,1,32,186,41,201,65,1,19,2,0,13,125,15,8,0,0,1,0,0,0,1,1,0,473795,51303,232371,66392,30178,12071,2387083,NA,NA,"15.70%","1.70%","7.70%","2.20%","1.00%","0.40%","79.10%",NA,NA,81.96,30.41,160.05,28.32,14.58,836.72,31.05,NA,NA,1.37,0.19,0.82,0.3,0,10.77,0.52,NA,NA,NA,NA,NA,NA
"1:116","1:115","1:114","2020-06-21",3823,155,3634,187,43,978,7226,1452,1884,37,8,126,0,1,8,187,40,138,65,1,18,2,0,13,124,14,8,0,0,0,0,0,0,1,0,0,473795,51303,232371,66392,30178,12071,2387083,NA,NA,"15.70%","1.70%","7.70%","2.20%","1.00%","0.40%","79.10%",NA,NA,80.69,30.21,156.39,28.17,14.25,810.21,30.27,NA,NA,1.37,0.19,0.77,0.3,0,10.77,0.52,NA,NA,NA,NA,NA,NA
"1:117","1:116","1:115","2020-06-20",3786,147,3508,187,42,970,7039,1412,1746,71,7,169,3,2,72,295,74,-10,65,1,18,2,0,13,123,14,8,1,0,2,0,0,2,5,2,0,473795,51303,232371,66392,30178,12071,2387083,NA,NA,"15.70%","1.70%","7.70%","2.20%","1.00%","0.40%","79.10%",NA,NA,79.91,28.65,150.97,28.17,13.92,803.58,29.49,NA,NA,1.37,0.19,0.77,0.3,0,10.77,0.52,NA,NA,NA,NA,NA,NA
"1:118","1:117","1:116","2020-06-19",3715,140,3339,184,40,898,6744,1338,1756,69,4,130,11,0,41,202,65,322,64,1,16,2,0,11,118,12,8,0,0,1,0,0,1,2,2,1,473795,51303,232371,66392,30178,12071,2387083,NA,NA,"15.70%","1.70%","7.70%","2.20%","1.00%","0.40%","79.10%",NA,NA,78.41,27.29,143.69,27.71,13.25,743.93,28.25,NA,NA,1.35,0.19,0.69,0.3,0,9.11,0.49,NA,NA,NA,NA,NA,NA
"1:119","1:118","1:117","2020-06-18",3646,136,3209,173,40,857,6542,1273,1434,71,13,169,3,0,51,239,30,-82,64,1,15,2,0,10,116,10,7,3,0,1,0,0,0,6,1,1,473795,51303,232371,66392,30178,12071,2387083,NA,NA,"15.70%","1.70%","7.70%","2.20%","1.00%","0.40%","79.10%",NA,NA,76.95,26.51,138.1,26.06,13.25,709.97,27.41,NA,NA,1.35,0.19,0.65,0.3,0,8.28,0.49,NA,NA,NA,NA,NA,NA
"1:120","1:119","1:118","2020-06-17",3575,123,3040,170,40,806,6303,1243,1516,83,3,172,4,2,49,252,78,-52,61,1,14,2,0,10,110,9,6,4,0,2,0,0,0,4,1,0,473795,51303,232371,66392,30178,12071,2387083,NA,NA,"15.70%","1.70%","7.70%","2.20%","1.00%","0.40%","79.10%",NA,NA,75.45,23.98,130.83,25.61,13.25,667.72,26.4,NA,NA,1.29,0.19,0.6,0.3,0,8.28,0.46,NA,NA,NA,NA,NA,NA
"1:121","1:120","1:119","2020-06-16",3492,120,2868,166,38,757,6051,1165,1568,61,5,96,1,1,43,170,40,-46,57,1,12,2,0,10,106,8,6,3,0,1,0,0,1,1,0,1,473795,51303,232371,66392,30178,12071,2387083,NA,NA,"15.70%","1.70%","7.70%","2.20%","1.00%","0.40%","79.10%",NA,NA,73.7,23.39,123.42,25,12.59,627.12,25.35,NA,NA,1.2,0.19,0.52,0.3,0,8.28,0.44,NA,NA,NA,NA,NA,NA
"1:122","1:121","1:120","2020-06-15",3431,115,2772,165,37,714,5881,1125,1614,41,4,124,2,1,26,180,53,111,54,1,11,2,0,9,105,8,5,0,0,1,0,0,0,3,0,0,473795,51303,232371,66392,30178,12071,2387083,NA,NA,"15.70%","1.70%","7.70%","2.20%","1.00%","0.40%","79.10%",NA,NA,72.42,22.42,119.29,24.85,12.26,591.5,24.64,NA,NA,1.14,0.19,0.47,0.3,0,7.46,0.44,NA,NA,NA,NA,NA,NA
"1:123","1:122","1:121","2020-06-14",3390,111,2648,163,36,688,5701,1072,1503,73,1,75,0,1,10,166,41,114,54,1,10,2,0,9,102,8,5,1,0,0,0,0,1,0,0,0,473795,51303,232371,66392,30178,12071,2387083,NA,NA,"15.70%","1.70%","7.70%","2.20%","1.00%","0.40%","79.10%",NA,NA,71.55,21.64,113.96,24.55,11.93,569.96,23.88,NA,NA,1.14,0.19,0.43,0.3,0,7.46,0.43,NA,NA,NA,NA,NA,NA
"1:124","1:123","1:122","2020-06-13",3317,110,2573,163,35,678,5535,1031,1389,144,5,121,2,1,29,213,968,93,53,1,10,2,0,8,102,8,5,0,0,-1,0,0,1,2,0,-2,473795,51303,232371,66392,30178,12071,2387083,NA,NA,"15.70%","1.70%","7.70%","2.20%","1.00%","0.40%","79.10%",NA,NA,70.01,21.44,110.73,24.55,11.6,561.68,23.19,NA,NA,1.12,0.19,0.43,0.3,0,6.63,0.43,NA,NA,NA,NA,NA,NA
"1:125","1:124","1:123","2020-06-12",3173,105,2452,161,34,649,5322,968,1296,189,11,141,11,1,48,192,11,279,53,1,11,2,0,7,100,8,7,1,0,1,0,0,1,1,0,2,473795,51303,232371,66392,30178,12071,2387083,NA,NA,"15.70%","1.70%","7.70%","2.20%","1.00%","0.40%","79.10%",NA,NA,66.97,20.47,105.52,24.25,11.27,537.65,22.29,NA,NA,1.12,0.19,0.47,0.3,0,5.8,0.42,NA,NA,NA,NA,NA,NA
"1:126","1:125","1:124","2020-06-11",2984,94,2311,150,33,601,5130,957,1017,60,1,108,5,0,40,157,36,150,52,1,10,2,0,6,99,8,5,1,0,2,0,0,0,3,0,2,473795,51303,232371,66392,30178,12071,2387083,NA,NA,"15.70%","1.70%","7.70%","2.20%","1.00%","0.40%","79.10%",NA,NA,62.98,18.32,99.45,22.59,10.94,497.89,21.49,NA,NA,1.1,0.19,0.43,0.3,0,4.97,0.41,NA,NA,NA,NA,NA,NA
"1:127","1:126","1:125","2020-06-10",2920,93,2203,145,33,561,4973,921,867,76,2,146,1,1,40,207,24,-62,51,1,8,2,0,6,96,8,3,1,0,0,0,0,1,2,0,0,473795,51303,232371,66392,30178,12071,2387083,NA,NA,"15.70%","1.70%","7.70%","2.20%","1.00%","0.40%","79.10%",NA,NA,61.63,18.13,94.81,21.84,10.94,464.75,20.83,NA,NA,1.08,0.19,0.34,0.3,0,4.97,0.4,NA,NA,NA,NA,NA,NA
"1:128","1:127","1:126","2020-06-09",2844,91,2057,144,32,521,4766,897,929,67,1,143,3,0,29,172,44,27,50,1,8,2,0,5,94,8,3,2,0,1,0,0,0,4,0,0,473795,51303,232371,66392,30178,12071,2387083,NA,NA,"15.70%","1.70%","7.70%","2.20%","1.00%","0.40%","79.10%",NA,NA,60.03,17.74,88.52,21.69,10.6,431.61,19.97,NA,NA,1.06,0.19,0.34,0.3,0,4.14,0.39,NA,NA,NA,NA,NA,NA
"1:129","1:128","1:127","2020-06-08",2777,90,1941,141,32,492,4594,853,902,52,3,110,1,2,42,125,44,46,48,1,7,2,0,5,90,8,3,0,0,0,0,0,0,1,0,0,473795,51303,232371,66392,30178,12071,2387083,NA,NA,"15.70%","1.70%","7.70%","2.20%","1.00%","0.40%","79.10%",NA,NA,58.61,17.54,83.53,21.24,10.6,407.59,19.25,NA,NA,1.01,0.19,0.3,0.3,0,4.14,0.38,NA,NA,NA,NA,NA,NA
"1:130","1:129","1:128","2020-06-07",2725,87,1831,140,30,450,4469,809,856,33,1,114,1,1,27,118,34,115,48,1,7,2,0,5,89,8,3,1,0,0,0,0,0,0,0,-1,473795,51303,232371,66392,30178,12071,2387083,NA,NA,"15.70%","1.70%","7.70%","2.20%","1.00%","0.40%","79.10%",NA,NA,57.51,16.96,78.8,21.09,9.94,372.79,18.72,NA,NA,1.01,0.19,0.3,0.3,0,4.14,0.37,NA,NA,NA,NA,NA,NA
"1:131","1:130","1:129","2020-06-06",2692,86,1717,139,29,423,4351,779,741,125,5,95,0,1,28,185,39,97,47,1,7,2,0,5,89,8,4,0,0,0,0,0,0,0,0,2,473795,51303,232371,66392,30178,12071,2387083,NA,NA,"15.70%","1.70%","7.70%","2.20%","1.00%","0.40%","79.10%",NA,NA,56.82,16.76,73.89,20.94,9.61,350.43,18.23,NA,NA,0.99,0.19,0.3,0.3,0,4.14,0.37,NA,NA,NA,NA,NA,NA
"1:132","1:131","1:130","2020-06-05",2567,81,1622,139,28,395,4166,740,644,4,0,107,3,0,22,169,23,-23,47,1,7,2,0,5,89,8,2,0,0,0,0,0,0,1,0,0,473795,51303,232371,66392,30178,12071,2387083,NA,NA,"15.70%","1.70%","7.70%","2.20%","1.00%","0.40%","79.10%",NA,NA,54.18,15.79,69.8,20.94,9.28,327.23,17.45,NA,NA,0.99,0.19,0.3,0.3,0,4.14,0.37,NA,NA,NA,NA,NA,NA
"1:133","1:132","1:131","2020-06-04",2563,80,1515,136,28,373,3997,717,667,48,0,159,5,1,27,181,62,39,47,1,7,2,0,5,88,8,2,1,0,1,1,0,2,8,0,-2,473795,51303,232371,66392,30178,12071,2387083,NA,NA,"15.70%","1.70%","7.70%","2.20%","1.00%","0.40%","79.10%",NA,NA,54.1,15.59,65.2,20.48,9.28,309.01,16.74,NA,NA,0.99,0.19,0.3,0.3,0,4.14,0.37,NA,NA,NA,NA,NA,NA
"1:134","1:133","1:132","2020-06-03",2515,80,1356,131,27,346,3816,655,628,40,2,111,-3,0,27,101,54,27,46,1,6,1,0,3,80,8,4,0,0,1,0,0,0,3,1,2,473795,51303,232371,66392,30178,12071,2387083,NA,NA,"15.70%","1.70%","7.70%","2.20%","1.00%","0.40%","79.10%",NA,NA,53.08,15.59,58.35,19.73,8.95,286.64,15.99,NA,NA,0.97,0.19,0.26,0.15,0,2.49,0.34,NA,NA,NA,NA,NA,NA
"1:135","1:134","1:133","2020-06-02",2475,78,1245,133,27,319,3715,601,601,69,3,141,-4,1,18,159,35,88,46,1,5,1,0,3,77,7,2,0,0,0,0,0,0,0,0,2,473795,51303,232371,66392,30178,12071,2387083,NA,NA,"15.70%","1.70%","7.70%","2.20%","1.00%","0.40%","79.10%",NA,NA,52.24,15.2,53.58,20.03,8.95,264.27,15.56,NA,NA,0.97,0.19,0.22,0.15,0,2.49,0.32,NA,NA,NA,NA,NA,NA
"1:136","1:135","1:134","2020-06-01",2406,75,1104,137,26,301,3556,566,513,34,1,73,-1,0,6,93,28,28,46,1,5,1,0,3,76,7,0,0,0,0,0,0,0,0,0,0,473795,51303,232371,66392,30178,12071,2387083,NA,NA,"15.70%","1.70%","7.70%","2.20%","1.00%","0.40%","79.10%",NA,NA,50.78,14.62,47.51,20.64,8.62,249.36,14.9,NA,NA,0.97,0.19,0.22,0.15,0,2.49,0.32,NA,NA,NA,NA,NA,NA
"1:137","1:136","1:135","2020-05-31",2372,74,1031,138,26,295,3463,538,485,32,1,110,1,1,39,94,22,51,46,1,5,1,0,3,76,7,0,0,0,0,0,0,0,0,0,0,473795,51303,232371,66392,30178,12071,2387083,NA,NA,"15.70%","1.70%","7.70%","2.20%","1.00%","0.40%","79.10%",NA,NA,50.06,14.42,44.37,20.79,8.62,244.39,14.51,NA,NA,0.97,0.19,0.22,0.15,0,2.49,0.32,NA,NA,NA,NA,NA,NA
"1:138","1:137","1:136","2020-05-30",2340,73,921,137,25,256,3369,516,434,104,6,204,-1,3,44,250,57,11,46,1,5,1,0,3,76,7,0,1,0,1,1,0,0,7,1,0,473795,51303,232371,66392,30178,12071,2387083,NA,NA,"15.70%","1.70%","7.70%","2.20%","1.00%","0.40%","79.10%",NA,NA,49.39,14.23,39.63,20.64,8.28,212.08,14.11,NA,NA,0.97,0.19,0.22,0.15,0,2.49,0.32,NA,NA,NA,NA,NA,NA
"1:139","1:138","1:137","2020-05-28",2236,67,717,138,22,212,3119,459,423,NA,NA,NA,NA,NA,NA,NA,NA,NA,45,1,4,0,0,3,69,6,0,NA,NA,NA,NA,NA,NA,NA,NA,NA,473795,51303,232371,66392,30178,12071,2387083,NA,NA,"15.70%","1.70%","7.70%","2.20%","1.00%","0.40%","79.10%",NA,NA,47.19,13.06,30.86,20.79,7.29,175.63,13.07,NA,NA,0.95,0.19,0.17,0,0,2.49,0.29,NA,NA,NA,NA,NA,NA
