"","date","confirmed_active","active_cases","Hospitalized","Vent","Hosp_Change_from_Yesterday","Pct_Vent","Pct_Hospitalized"
"1",2021-10-27,3119,4842,366,111,-14,30.33,7.56
"2:1",2021-10-26,3138,4826,380,113,-15,29.74,7.87
"2:2",2021-10-25,3270,4912,395,113,4,28.61,8.04
"2:3",2021-10-24,3577,5427,391,116,5,29.67,7.2
"2:4",2021-10-23,3710,5637,386,120,-28,31.09,6.85
"2:5",2021-10-22,3748,5694,414,123,-23,29.71,7.27
"2:6",2021-10-21,3783,5661,437,121,-14,27.69,7.72
"2:7",2021-10-20,3801,5781,451,123,-10,27.27,7.8
"2:8",2021-10-19,3865,5853,461,129,-16,27.98,7.88
"2:9",2021-10-18,4036,5952,477,145,15,30.4,8.01
"2:10",2021-10-17,4367,6569,462,133,0,28.79,7.03
"2:11",2021-10-16,4457,6779,462,133,-79,28.79,6.82
"2:12",2021-10-15,4326,6753,541,161,36,29.76,8.01
"2:13",2021-10-14,4335,6820,505,153,-26,30.3,7.4
"2:14",2021-10-13,4337,6702,531,163,-6,30.7,7.92
"2:15",2021-10-12,4363,6806,537,160,-8,29.8,7.89
"2:16",2021-10-11,4403,6889,545,164,-3,30.09,7.91
"2:17",2021-10-10,4801,7596,548,161,-5,29.38,7.21
"2:18",2021-10-09,4857,7833,553,171,-10,30.92,7.06
"2:19",2021-10-08,4868,7667,563,175,-30,31.08,7.34
"2:20",2021-10-07,4868,7690,593,173,-31,29.17,7.71
"2:21",2021-10-06,4933,7879,624,173,-40,27.72,7.92
"2:22",2021-10-05,4986,8096,664,188,-5,28.31,8.2
"2:23",2021-10-04,5366,8535,669,192,-20,28.7,7.84
"2:24",2021-10-03,5912,9543,689,206,0,29.9,7.22
"2:25",2021-10-02,6043,9901,689,183,-14,26.56,6.96
"2:26",2021-10-01,6110,9988,703,190,-24,27.03,7.04
"2:27",2021-09-30,6330,10385,727,211,-31,29.02,7
"2:28",2021-09-29,6456,10620,758,219,-51,28.89,7.14
"2:29",2021-09-28,6889,10858,809,225,-26,27.81,7.45
"2:30",2021-09-27,7384,11505,835,234,-26,28.02,7.26
"2:31",2021-09-26,7971,12494,861,232,-6,26.95,6.89
"2:32",2021-09-25,8209,13073,867,230,-27,26.53,6.63
"2:33",2021-09-24,8405,13245,894,231,-62,25.84,6.75
"2:34",2021-09-23,8664,13501,956,254,-11,26.57,7.08
"2:35",2021-09-22,8961,13714,967,256,-26,26.47,7.05
"2:36",2021-09-21,9423,14225,993,278,-34,28,6.98
"2:37",2021-09-20,9946,15004,1027,289,12,28.14,6.84
"2:38",2021-09-19,10311,15774,1015,289,-12,28.47,6.43
"2:39",2021-09-18,10506,16274,1027,285,28,27.75,6.31
"2:40",2021-09-17,10573,16309,999,298,-75,29.83,6.13
"2:41",2021-09-16,10641,16401,1074,306,-16,28.49,6.55
"2:42",2021-09-15,11054,16695,1090,289,-7,26.51,6.53
"2:43",2021-09-14,11294,17084,1097,281,-16,25.62,6.42
"2:44",2021-09-13,11745,17821,1113,286,-5,25.7,6.25
"2:45",2021-09-12,12710,19588,1118,287,-13,25.67,5.71
"2:46",2021-09-11,12759,19853,1131,292,-18,25.82,5.7
"2:47",2021-09-10,12612,19742,1149,316,-45,27.5,5.82
"2:48",2021-09-09,12475,19714,1194,315,-15,26.38,6.06
"2:49",2021-09-08,12484,19500,1209,320,-19,26.47,6.2
"2:50",2021-09-07,13064,19793,1228,321,8,26.14,6.2
"2:51",2021-09-06,14177,21674,1220,320,-3,26.23,5.63
"2:52",2021-09-05,15024,23342,1223,337,-23,27.56,5.24
"2:53",2021-09-04,15086,23718,1246,333,3,26.73,5.25
"2:54",2021-09-03,14500,22993,1243,353,-47,28.4,5.41
"2:55",2021-09-02,14601,23077,1290,355,-23,27.52,5.59
"2:56",2021-09-01,14676,22814,1313,357,101,27.19,5.76
"2:57",2021-08-31,14587,22422,1212,388,-45,32.01,5.41
"2:58",2021-08-30,14582,22427,1257,361,0,28.72,5.6
"2:59",2021-08-29,15669,24115,1257,344,-15,27.37,5.21
"2:60",2021-08-28,15898,24697,1272,342,-52,26.89,5.15
"2:61",2021-08-27,15550,24228,1324,348,-1,26.28,5.46
"2:62",2021-08-26,15158,23575,1325,352,-43,26.57,5.62
"2:63",2021-08-25,15275,23587,1368,354,1,25.88,5.8
"2:64",2021-08-24,15092,23128,1367,343,-44,25.09,5.91
"2:65",2021-08-23,15680,23576,1411,349,42,24.73,5.98
"2:66",2021-08-22,16716,25378,1369,337,7,24.62,5.39
"2:67",2021-08-21,16848,25721,1362,345,-35,25.33,5.3
"2:68",2021-08-20,16505,24978,1397,343,-13,24.55,5.59
"2:69",2021-08-19,16318,24787,1410,331,38,23.48,5.69
"2:70",2021-08-18,15748,23788,1372,326,-38,23.76,5.77
"2:71",2021-08-17,15699,23783,1410,328,-49,23.26,5.93
"2:72",2021-08-16,15992,24098,1459,323,46,22.14,6.05
"2:73",2021-08-15,16892,25735,1413,303,-39,21.44,5.49
"2:74",2021-08-14,16983,25721,1452,291,-6,20.04,5.65
"2:75",2021-08-13,16689,25175,1458,296,62,20.3,5.79
"2:76",2021-08-12,15977,24433,1396,298,-50,21.35,5.71
"2:77",2021-08-11,15818,24215,1446,296,11,20.47,5.97
"2:78",2021-08-10,15327,23377,1435,294,59,20.49,6.14
"2:79",2021-08-09,15394,22815,1376,286,103,20.78,6.03
"2:80",2021-08-08,16055,23921,1273,261,33,20.5,5.32
"2:81",2021-08-07,15872,23900,1240,271,6,21.85,5.19
"2:82",2021-08-06,15082,22716,1234,254,-17,20.58,5.43
"2:83",2021-08-05,14269,21461,1251,263,19,21.02,5.83
"2:84",2021-08-04,13605,20559,1232,260,-18,21.1,5.99
"2:85",2021-08-03,13098,19499,1250,260,30,20.8,6.41
"2:86",2021-08-02,12714,18922,1220,250,81,20.49,6.45
"2:87",2021-08-01,13373,19738,1139,235,34,20.63,5.77
"2:88",2021-07-31,12582,18790,1105,222,18,20.09,5.88
"2:89",2021-07-30,12330,18541,1087,219,32,20.15,5.86
"2:90",2021-07-29,11415,17232,1055,219,-9,20.76,6.12
"2:91",2021-07-28,10494,15801,1064,209,39,19.64,6.73
"2:92",2021-07-27,10278,15491,1025,205,45,20,6.62
"2:93",2021-07-26,9962,14627,980,172,61,17.55,6.7
"2:94",2021-07-25,10236,15277,919,173,44,18.82,6.02
"2:95",2021-07-24,9882,15032,875,155,4,17.71,5.82
"2:96",2021-07-23,9021,13784,871,159,22,18.25,6.32
"2:97",2021-07-22,8397,12780,849,158,1,18.61,6.64
"2:98",2021-07-21,7889,11903,848,156,33,18.4,7.12
"2:99",2021-07-20,7621,11475,815,131,28,16.07,7.1
"2:100",2021-07-19,6915,10505,787,129,106,16.39,7.49
"2:101",2021-07-16,6238,9750,681,119,12,17.47,6.98
"2:102",2021-07-15,5895,9079,669,119,22,17.79,7.37
"2:103",2021-07-14,5721,8804,647,103,41,15.92,7.35
"2:104",2021-07-13,5259,8134,606,98,41,16.17,7.45
"2:105",2021-07-12,4861,7255,565,94,68,16.64,7.79
"2:106",2021-07-09,4138,6605,497,81,16,16.3,7.52
"2:107",2021-07-08,3685,5932,481,82,49,17.05,8.11
"2:108",2021-07-07,3395,5192,432,80,16,18.52,8.32
"2:109",2021-07-06,3118,4645,416,76,55,18.27,8.96
"2:110",2021-07-05,3172,4752,361,70,23,19.39,7.6
"2:111",2021-07-02,2851,4398,338,71,1,21.01,7.69
"2:112",2021-07-01,2676,4199,337,75,12,22.26,8.03
"2:113",2021-06-30,2382,3763,325,75,19,23.08,8.64
"2:114",2021-06-29,2197,3365,306,69,-8,22.55,9.09
"2:115",2021-06-28,2077,3169,314,63,23,20.06,9.91
"2:116",2021-06-25,1883,2911,291,67,9,23.02,10
"2:117",2021-06-24,1850,2850,282,70,3,24.82,9.89
"2:118",2021-06-23,1767,2721,279,67,-6,24.01,10.25
"2:119",2021-06-22,1669,2570,285,64,4,22.46,11.09
"2:120",2021-06-21,1632,2319,281,63,20,22.42,12.12
"2:121",2021-06-20,1693,2464,261,64,17,24.52,10.59
"2:122",2021-06-19,1667,2489,244,63,9,25.82,9.8
"2:123",2021-06-18,1601,2414,235,58,16,24.68,9.73
"2:124",2021-06-17,1518,2334,219,56,8,25.57,9.38
"2:125",2021-06-16,1434,2251,211,50,7,23.7,9.37
"2:126",2021-06-15,1361,2144,204,47,1,23.04,9.51
"2:127",2021-06-14,1349,2035,203,48,-3,23.65,9.98
"2:128",2021-06-13,1367,2077,206,40,9,19.42,9.92
"2:129",2021-06-12,1360,2112,197,42,-5,21.32,9.33
"2:130",2021-06-11,1282,1985,202,42,-6,20.79,10.18
"2:131",2021-06-10,1203,1769,208,39,-8,18.75,11.76
"2:132",2021-06-09,1093,1659,216,40,12,18.52,13.02
"2:133",2021-06-08,1107,1656,204,37,29,18.14,12.32
"2:134",2021-06-07,1110,1594,175,33,-12,18.86,10.98
"2:135",2021-06-06,1181,1707,187,33,-7,17.65,10.95
"2:136",2021-06-05,1197,1781,194,35,16,18.04,10.89
"2:137",2021-06-04,1151,1746,178,36,-2,20.22,10.19
"2:138",2021-06-03,1113,1673,180,38,-10,21.11,10.76
"2:139",2021-06-02,1099,1658,190,37,-11,19.47,11.46
"2:140",2021-06-01,1098,1596,201,38,1,18.91,12.59
"2:141",2021-05-31,1198,1721,200,38,6,19,11.62
"2:142",2021-05-30,1341,1938,194,34,-1,17.53,10.01
"2:143",2021-05-29,1381,2009,195,31,-6,15.9,9.71
"2:144",2021-05-28,1390,2016,201,33,-2,16.42,9.97
"2:145",2021-05-27,1402,2008,203,31,14,15.27,10.11
"2:146",2021-05-26,1349,1975,189,33,-11,17.46,9.57
"2:147",2021-05-25,1374,1990,200,37,5,18.5,10.05
"2:148",2021-05-24,1343,1894,195,39,-1,20,10.3
"2:149",2021-05-23,1410,2037,196,33,9,16.84,9.62
"2:150",2021-05-22,1389,2056,187,32,-1,17.11,9.1
"2:151",2021-05-21,1368,2056,188,32,-15,17.02,9.14
"2:152",2021-05-20,1354,2053,203,32,15,15.76,9.89
"2:153",2021-05-19,1293,1999,188,35,0,18.62,9.4
"2:154",2021-05-18,1268,1970,188,32,2,17.02,9.54
"2:155",2021-05-17,1300,1921,186,31,15,16.67,9.68
"2:156",2021-05-16,1367,2058,171,30,5,17.54,8.31
"2:157",2021-05-15,1377,2116,166,27,-6,16.27,7.84
"2:158",2021-05-14,1345,2069,172,31,-4,18.02,8.31
"2:159",2021-05-13,1340,2045,176,35,7,19.89,8.61
"2:160",2021-05-12,1349,2038,169,42,0,24.85,8.29
"2:161",2021-05-11,1377,2043,169,44,0,26.04,8.27
"2:162",2021-05-10,1436,2053,169,41,3,24.26,8.23
"2:163",2021-05-09,1545,2223,166,36,3,21.69,7.47
"2:164",2021-05-08,1554,2266,163,38,-12,23.31,7.19
"2:165",2021-05-07,1505,2176,175,37,-2,21.14,8.04
"2:166",2021-05-06,1494,2151,177,34,-4,19.21,8.23
"2:167",2021-05-05,1479,2152,181,35,-11,19.34,8.41
"2:168",2021-05-04,1386,2043,192,28,20,14.58,9.4
"2:169",2021-05-03,1339,1939,172,29,1,16.86,8.87
"2:170",2021-05-02,1400,2055,171,26,3,15.2,8.32
"2:171",2021-05-01,1375,2036,168,29,2,17.26,8.25
"2:172",2021-04-30,1306,1966,166,28,0,16.87,8.44
"2:173",2021-04-29,1304,1961,166,29,1,17.47,8.47
"2:174",2021-04-28,1293,1908,165,27,8,16.36,8.65
"2:175",2021-04-27,1279,1844,157,26,-13,16.56,8.51
"2:176",2021-04-26,1262,1805,170,27,18,15.88,9.42
"2:177",2021-04-25,1331,1922,152,24,4,15.79,7.91
"2:178",2021-04-24,1364,1991,148,23,-5,15.54,7.43
"2:179",2021-04-23,1359,1960,153,23,-18,15.03,7.81
"2:180",2021-04-22,1327,1923,171,22,-4,12.87,8.89
"2:181",2021-04-21,1330,1943,175,24,-2,13.71,9.01
"2:182",2021-04-20,1280,1804,177,24,13,13.56,9.81
"2:183",2021-04-19,1269,1789,164,22,3,13.41,9.17
"2:184",2021-04-18,1325,1910,161,21,8,13.04,8.43
"2:185",2021-04-17,1336,1960,153,20,1,13.07,7.81
"2:186",2021-04-16,1285,1892,152,15,-1,9.87,8.03
"2:187",2021-04-15,1255,1843,153,18,2,11.76,8.3
"2:188",2021-04-14,1133,1715,151,20,3,13.25,8.8
"2:189",2021-04-13,1107,1663,148,19,-8,12.84,8.9
"2:190",2021-04-12,1121,1640,156,17,-7,10.9,9.51
"2:191",2021-04-11,1172,1733,163,17,0,10.43,9.41
"2:192",2021-04-10,1187,1761,163,20,3,12.27,9.26
"2:193",2021-04-09,1156,1732,160,23,19,14.37,9.24
"2:194",2021-04-08,1151,1707,141,23,-9,16.31,8.26
"2:195",2021-04-07,1098,1649,150,20,-2,13.33,9.1
"2:196",2021-04-06,1097,1602,152,26,7,17.11,9.49
"2:197",2021-04-05,1142,1607,145,23,0,15.86,9.02
"2:198",2021-04-04,1205,1732,145,24,3,16.55,8.37
"2:199",2021-04-03,1196,1747,142,25,-19,17.61,8.13
"2:200",2021-04-02,1148,1684,161,26,-7,16.15,9.56
"2:201",2021-04-01,1191,1724,168,26,2,15.48,9.74
"2:202",2021-03-31,1157,1695,166,27,-4,16.27,9.79
"2:203",2021-03-30,1183,1717,170,25,6,14.71,9.9
"2:204",2021-03-29,1218,1773,164,28,-7,17.07,9.25
"2:205",2021-03-28,1330,1945,171,27,1,15.79,8.79
"2:206",2021-03-27,1370,2032,170,28,-6,16.47,8.37
"2:207",2021-03-26,1370,2061,176,32,-5,18.18,8.54
"2:208",2021-03-25,1418,2095,181,38,9,20.99,8.64
"2:209",2021-03-24,1433,2128,172,43,-1,25,8.08
"2:210",2021-03-23,1527,2263,173,40,-11,23.12,7.64
"2:211",2021-03-22,1610,2332,184,42,-8,22.83,7.89
"2:212",2021-03-21,1760,2578,192,42,-24,21.88,7.45
"2:213",2021-03-20,1815,2676,216,54,-17,25,8.07
"2:214",2021-03-19,1823,2663,233,50,-12,21.46,8.75
"2:215",2021-03-18,1874,2734,245,47,-15,19.18,8.96
"2:216",2021-03-17,1942,2808,260,54,3,20.77,9.26
"2:217",2021-03-16,2048,2875,257,58,7,22.57,8.94
"2:218",2021-03-15,2134,2863,250,58,7,23.2,8.73
"2:219",2021-03-14,2268,3085,243,55,-5,22.63,7.88
"2:220",2021-03-13,2310,3190,248,55,-11,22.18,7.77
"2:221",2021-03-12,2351,3158,259,64,-19,24.71,8.2
"2:222",2021-03-11,2293,3144,278,67,-23,24.1,8.84
"2:223",2021-03-10,2332,3227,301,72,-16,23.92,9.33
"2:224",2021-03-09,2516,3461,317,71,-21,22.4,9.16
"2:225",2021-03-08,2657,3593,338,74,3,21.89,9.41
"2:226",2021-03-07,2863,3967,335,65,-10,19.4,8.44
"2:227",2021-03-06,2961,4160,345,75,-14,21.74,8.29
"2:228",2021-03-05,3013,4296,359,86,-13,23.96,8.36
"2:229",2021-03-04,2930,4261,372,85,-25,22.85,8.73
"2:230",2021-03-03,2862,4278,397,91,-19,22.92,9.28
"2:231",2021-03-02,2827,4254,416,80,-25,19.23,9.78
"2:232",2021-03-01,2882,4242,441,84,-14,19.05,10.4
"2:233",2021-02-28,2939,4399,455,85,-20,18.68,10.34
"2:234",2021-02-27,2931,4483,475,97,-29,20.42,10.6
"2:235",2021-02-26,2994,4479,504,98,-18,19.44,11.25
"2:236",2021-02-25,3094,4720,522,108,26,20.69,11.06
"2:237",2021-02-24,2968,4676,496,100,-49,20.16,10.61
"2:238",2021-02-23,3174,4807,545,99,-43,18.17,11.34
"2:239",2021-02-22,3378,4899,588,109,11,18.54,12
"2:240",2021-02-21,3849,5670,577,114,-28,19.76,10.18
"2:241",2021-02-20,4165,6078,605,103,-25,17.02,9.95
"2:242",2021-02-19,4518,6478,630,108,5,17.14,9.73
"2:243",2021-02-18,5111,7323,625,107,23,17.12,8.53
"2:244",2021-02-17,5754,8239,602,108,-36,17.94,7.31
"2:245",2021-02-16,6423,9104,638,110,-4,17.24,7.01
"2:246",2021-02-15,7450,10494,642,111,-27,17.29,6.12
"2:247",2021-02-14,8143,11686,669,109,-21,16.29,5.72
"2:248",2021-02-13,8411,12222,690,113,-22,16.38,5.65
"2:249",2021-02-12,8704,12573,712,123,0,17.28,5.66
"2:250",2021-02-11,9343,13518,712,117,-23,16.43,5.27
"2:251",2021-02-10,9869,14190,735,138,-40,18.78,5.18
"2:252",2021-02-09,10525,14898,775,137,-2,17.68,5.2
"2:253",2021-02-08,11016,15320,777,142,-4,18.28,5.07
"2:254",2021-02-07,11549,16324,781,126,31,16.13,4.78
"2:255",2021-02-06,11677,16811,750,124,-58,16.53,4.46
"2:256",2021-02-05,11778,16944,808,144,-7,17.82,4.77
"2:257",2021-02-04,11806,16992,815,145,-69,17.79,4.8
"2:258",2021-02-03,11401,16533,884,142,15,16.06,5.35
"2:259",2021-02-02,11371,16331,869,141,-20,16.23,5.32
"2:260",2021-02-01,11806,16665,889,146,-24,16.42,5.33
"2:261",2021-01-31,12081,17154,913,148,2,16.21,5.32
"2:262",2021-01-30,12211,17608,911,146,-40,16.03,5.17
"2:263",2021-01-29,12010,17326,951,144,-45,15.14,5.49
"2:264",2021-01-28,12171,17547,996,143,-33,14.36,5.68
"2:265",2021-01-27,12292,17686,1029,157,-66,15.26,5.82
"2:266",2021-01-26,12755,18158,1095,176,11,16.07,6.03
"2:267",2021-01-25,12921,17792,1084,187,4,17.25,6.09
"2:268",2021-01-24,13816,19395,1080,170,-14,15.74,5.57
"2:269",2021-01-23,13982,19919,1094,184,-48,16.82,5.49
"2:270",2021-01-22,14150,20107,1142,193,-18,16.9,5.68
"2:271",2021-01-21,14578,20618,1160,195,-19,16.81,5.63
"2:272",2021-01-20,14613,20391,1179,212,-86,17.98,5.78
"2:273",2021-01-19,15281,20940,1265,209,2,16.52,6.04
"2:274",2021-01-18,16747,22794,1263,216,-8,17.1,5.54
"2:275",2021-01-17,17789,24887,1271,221,-21,17.39,5.11
"2:276",2021-01-16,18083,25804,1292,214,-22,16.56,5.01
"2:277",2021-01-15,17933,25613,1314,226,19,17.2,5.13
"2:278",2021-01-14,17357,24740,1295,241,-67,18.61,5.23
"2:279",2021-01-13,17555,25095,1362,255,8,18.72,5.43
"2:280",2021-01-12,18177,25702,1354,251,-17,18.54,5.27
"2:281",2021-01-11,18166,25534,1371,268,31,19.55,5.37
"2:282",2021-01-10,19316,27492,1340,237,-6,17.69,4.87
"2:283",2021-01-09,19136,27822,1346,223,4,16.57,4.84
"2:284",2021-01-08,18564,27290,1342,219,16,16.32,4.92
"2:285",2021-01-07,17517,25984,1326,218,5,16.44,5.1
"2:286",2021-01-06,16954,25092,1321,217,-2,16.43,5.26
"2:287",2021-01-05,16883,24408,1323,224,27,16.93,5.42
"2:288",2021-01-04,16459,23057,1296,212,62,16.36,5.62
"2:289",2021-01-04,NA,NA,1296,212,62,16.36,NA
"2:290",2021-01-03,17302,24238,1234,194,18,15.72,5.09
"2:291",2021-01-02,16973,23986,1216,197,31,16.2,5.07
"2:292",2021-01-01,16739,23930,1185,205,-10,17.3,4.95
"2:293",2020-12-31,15780,22189,1195,209,21,17.49,5.39
"2:294",2020-12-30,15658,21853,1174,205,13,17.46,5.37
"2:295",2020-12-30,NA,NA,1174,205,13,17.46,NA
"2:296",2020-12-29,15158,21181,1161,198,6,17.05,5.48
"2:297",2020-12-28,15363,20831,1155,201,62,17.4,5.54
"2:298",2020-12-28,NA,NA,1155,201,62,17.4,NA
"2:299",2020-12-27,16083,21454,1093,186,34,17.02,5.09
"2:300",2020-12-27,NA,NA,1093,186,34,17.02,NA
"2:301",2020-12-26,16689,22289,1059,173,-3,16.34,4.75
"2:302",2020-12-25,17280,23378,1062,183,-31,17.23,4.54
"2:303",2020-12-24,16967,23378,1093,178,-17,16.29,4.68
"2:304",2020-12-23,16374,22516,1110,174,97,15.68,4.93
"2:305",2020-12-22,16173,21979,1013,173,-65,17.08,4.61
"2:306",2020-12-21,16589,22158,1078,174,21,16.14,4.87
"2:307",2020-12-21,NA,NA,1078,174,21,16.14,NA
"2:308",2020-12-20,17135,23001,1057,170,-4,16.08,4.6
"2:309",2020-12-20,NA,NA,1057,170,-4,16.08,NA
"2:310",2020-12-19,17011,23066,1061,177,-12,16.68,4.6
"2:311",2020-12-18,16682,22392,1073,181,-11,16.87,4.79
"2:312",2020-12-17,16446,21659,1084,188,5,17.34,5
"2:313",2020-12-16,15862,20774,1079,184,9,17.05,5.19
"2:314",2020-12-15,16012,20690,1070,190,20,17.76,5.17
"2:315",2020-12-14,16414,20691,1050,180,-7,17.14,5.07
"2:316",2020-12-13,16646,21395,1057,181,-14,17.12,4.94
"2:317",2020-12-12,16548,21489,1071,177,12,16.53,4.98
"2:318",2020-12-11,16000,20706,1059,185,54,17.47,5.11
"2:319",2020-12-10,15342,19723,1005,181,-59,18.01,5.1
"2:320",2020-12-09,14581,18765,1064,179,-17,16.82,5.67
"2:321",2020-12-08,14258,18461,1081,182,28,16.84,5.86
"2:322",2020-12-07,14235,18057,1053,182,-23,17.28,5.83
"2:323",2020-12-06,14523,18750,1076,179,20,16.64,5.74
"2:324",2020-12-05,14148,18607,1056,178,15,16.86,5.68
"2:325",2020-12-04,13608,18032,1041,191,-31,18.35,5.77
"2:326",2020-12-03,12822,17109,1072,190,-16,17.72,6.27
"2:327",2020-12-02,12399,16378,1088,186,14,17.1,6.64
"2:328",2020-12-01,12409,16094,1074,195,11,18.16,6.67
"2:329",2020-11-30,12816,16140,1063,201,33,18.91,6.59
"2:330",2020-11-29,13209,16884,1030,185,20,17.96,6.1
"2:331",2020-11-28,13221,16942,1010,183,-1,18.12,5.96
"2:332",2020-11-27,13090,16908,1011,192,8,18.99,5.98
"2:333",2020-11-26,13529,17588,1003,169,-25,16.85,5.7
"2:334",2020-11-25,13227,17014,1028,191,40,18.58,6.04
"2:335",2020-11-24,13352,17057,988,160,14,16.19,5.79
"2:336",2020-11-23,13252,16727,974,164,12,16.84,5.82
"2:337",2020-11-22,13714,17646,962,163,37,16.94,5.45
"2:338",2020-11-21,13534,17745,925,154,-10,16.65,5.21
"2:339",2020-11-20,13264,17360,935,152,36,16.26,5.39
"2:340",2020-11-19,12911,16998,899,146,-2,16.24,5.29
"2:341",2020-11-18,12611,16577,901,143,6,15.87,5.44
"2:342",2020-11-17,12569,16576,895,137,34,15.31,5.4
"2:343",2020-11-16,12490,16485,861,123,31,14.29,5.22
"2:344",2020-11-15,12203,16531,830,116,18,13.98,5.02
"2:345",2020-11-14,12147,16553,812,121,-14,14.9,4.91
"2:346",2020-11-13,11655,15773,826,114,21,13.8,5.24
"2:347",2020-11-12,10896,14491,805,116,4,14.41,5.56
"2:348",2020-11-11,10399,13691,801,116,-9,14.48,5.85
"2:349",2020-11-10,10105,12874,810,127,24,15.68,6.29
"2:350",2020-11-09,9957,12488,786,116,45,14.76,6.29
"2:351",2020-11-08,9833,12480,741,103,19,13.9,5.94
"2:352",2020-11-07,9470,12152,722,106,16,14.68,5.94
"2:353",2020-11-06,8850,11414,706,107,39,15.16,6.19
"2:354",2020-11-05,8140,10493,667,103,25,15.44,6.36
"2:355",2020-11-04,7837,10010,642,111,-25,17.29,6.41
"2:356",2020-11-03,7814,9836,667,121,-21,18.14,6.78
"2:357",2020-11-02,8209,10135,688,119,33,17.3,6.79
"2:358",2020-11-01,8404,10420,655,107,-12,16.34,6.29
"2:359",2020-10-31,8158,10185,667,105,-1,15.74,6.55
"2:360",2020-10-30,7829,9796,668,101,2,15.12,6.82
"2:361",2020-10-29,7672,9466,666,100,4,15.02,7.04
"2:362",2020-10-28,7584,9303,662,99,-14,14.95,7.12
"2:363",2020-10-27,7796,9490,676,94,27,13.91,7.12
"2:364",2020-10-26,7995,9571,649,102,16,15.72,6.78
"2:365",2020-10-25,8113,9766,633,95,14,15.01,6.48
"2:366",2020-10-24,7912,9535,619,97,-5,15.67,6.49
"2:367",2020-10-23,7667,9129,624,99,12,15.87,6.84
"2:368",2020-10-22,7357,8730,612,96,-24,15.69,7.01
"2:369",2020-10-21,7272,8520,636,99,-1,15.57,7.46
"2:370",2020-10-20,7159,8422,637,101,24,15.86,7.56
"2:371",2020-10-19,7450,8658,613,99,41,16.15,7.08
"2:372",2020-10-18,7621,8904,572,97,-4,16.96,6.42
"2:373",2020-10-17,7555,8810,576,94,-14,16.32,6.54
"2:374",2020-10-16,7420,8609,590,102,-4,17.29,6.85
"2:375",2020-10-15,7272,8424,594,106,7,17.85,7.05
"2:376",2020-10-14,6924,8007,587,113,-18,19.25,7.33
"2:377",2020-10-13,6744,7744,605,110,-3,18.18,7.81
"2:378",2020-10-12,6929,7839,608,104,32,17.11,7.76
"2:379",2020-10-11,6867,7801,576,99,22,17.19,7.38
"2:380",2020-10-10,6793,7735,554,98,-6,17.69,7.16
"2:381",2020-10-09,6554,7468,560,101,13,18.04,7.5
"2:382",2020-10-08,6207,7070,547,103,9,18.83,7.74
"2:383",2020-10-07,5908,6686,538,98,9,18.22,8.05
"2:384",2020-10-06,5970,6708,529,99,5,18.71,7.89
"2:385",2020-10-05,6186,6922,524,93,15,17.75,7.57
"2:386",2020-10-04,6405,7222,509,89,28,17.49,7.05
"2:387",2020-10-03,6491,7338,481,95,6,19.75,6.55
"2:388",2020-10-02,6583,7330,475,89,-10,18.74,6.48
"2:389",2020-10-01,6552,7244,485,92,-5,18.97,6.7
"2:390",2020-09-30,6373,7009,490,93,0,18.98,6.99
"2:391",2020-09-29,6529,6960,490,97,-6,19.8,7.04
"2:392",2020-09-28,6824,7142,496,99,35,19.96,6.94
"2:393",2020-09-27,6965,7327,461,86,7,18.66,6.29
"2:394",2020-09-26,7027,7414,454,92,-30,20.26,6.12
"2:395",2020-09-25,6830,7249,484,95,27,19.63,6.68
"2:396",2020-09-24,6672,7061,457,97,-11,21.23,6.47
"2:397",2020-09-23,6383,6777,468,90,9,19.23,6.91
"2:398",2020-09-22,6188,6583,459,88,12,19.17,6.97
"2:399",2020-09-21,6299,6706,447,97,35,21.7,6.67
"2:400",2020-09-20,6256,6685,412,85,5,20.63,6.16
"2:401",2020-09-19,6101,6557,407,81,26,19.9,6.21
"2:402",2020-09-18,5767,6158,381,77,-8,20.21,6.19
"2:403",2020-09-17,5726,6100,389,72,2,18.51,6.38
"2:404",2020-09-16,5572,5911,387,65,-2,16.8,6.55
"2:405",2020-09-15,5703,6001,389,68,11,17.48,6.48
"2:406",2020-09-14,5719,6030,378,76,5,20.11,6.27
"2:407",2020-09-13,5827,6171,373,80,-8,21.45,6.04
"2:408",2020-09-12,5755,0,381,83,-11,21.78,Inf
"2:409",2020-09-11,5713,0,392,76,0,19.39,Inf
"2:410",2020-09-11,5713,0,392,76,0,19.39,6.86
"2:411",2020-09-10,5196,0,392,79,-19,20.15,Inf
"2:412",2020-09-10,5196,0,392,79,-19,20.15,7.54
"2:413",2020-09-09,5558,0,411,82,2,19.95,Inf
"2:414",2020-09-09,5558,0,411,82,2,19.95,7.39
"2:415",2020-09-08,5844,0,409,84,10,20.54,Inf
"2:416",2020-09-08,5844,0,409,84,10,20.54,7
"2:417",2020-09-07,6062,0,399,74,10,18.55,Inf
"2:418",2020-09-07,6062,0,399,74,10,18.55,6.58
"2:419",2020-09-06,6188,0,389,78,4,20.05,Inf
"2:420",2020-09-06,6188,0,389,78,4,20.05,6.29
"2:421",2020-09-05,5840,0,385,78,-16,20.26,Inf
"2:422",2020-09-05,5840,0,385,78,-16,20.26,6.59
"2:423",2020-09-04,5755,0,401,86,-24,21.45,Inf
"2:424",2020-09-04,5755,0,401,86,-24,21.45,6.97
"2:425",2020-09-03,5331,0,425,91,-10,21.41,Inf
"2:426",2020-09-03,5331,0,425,91,-10,21.41,7.97
"2:427",2020-09-02,5010,0,435,90,12,20.69,Inf
"2:428",2020-09-02,5010,0,435,90,12,20.69,8.68
"2:429",2020-09-01,5036,0,423,85,3,20.09,Inf
"2:430",2020-09-01,5036,0,423,85,3,20.09,8.4
"2:431",2020-08-31,5466,0,420,87,29,20.71,Inf
"2:432",2020-08-31,5466,0,420,87,29,20.71,7.68
"2:433",2020-08-30,5664,0,391,84,7,21.48,Inf
"2:434",2020-08-30,5664,0,391,84,7,21.48,6.9
"2:435",2020-08-29,5473,0,384,90,-23,23.44,Inf
"2:436",2020-08-29,5473,0,384,90,-23,23.44,7.02
"2:437",2020-08-28,5162,0,407,95,-26,23.34,Inf
"2:438",2020-08-28,5162,0,407,95,-26,23.34,7.88
"2:439",2020-08-27,5341,0,433,99,-2,22.86,Inf
"2:440",2020-08-27,5341,0,433,99,-2,22.86,8.11
"2:441",2020-08-26,5390,0,435,108,-7,24.83,Inf
"2:442",2020-08-26,5390,0,435,108,-7,24.83,8.07
"2:443",2020-08-25,5312,0,442,108,-24,24.43,Inf
"2:444",2020-08-25,5312,0,442,108,-24,24.43,8.32
"2:445",2020-08-24,5509,0,466,108,-34,23.18,Inf
"2:446",2020-08-24,5509,0,466,108,-34,23.18,8.46
"2:447",2020-08-23,5636,0,500,110,8,22,Inf
"2:448",2020-08-23,5636,0,500,110,8,22,8.87
"2:449",2020-08-22,5761,0,492,108,-17,21.95,Inf
"2:450",2020-08-22,5761,0,492,108,-17,21.95,8.54
"2:451",2020-08-21,5854,0,509,120,10,23.58,Inf
"2:452",2020-08-21,5854,0,509,120,10,23.58,8.69
"2:453",2020-08-20,5666,0,499,108,0,21.64,Inf
"2:454",2020-08-20,5666,0,499,108,0,21.64,8.81
"2:455",2020-08-19,5919,0,499,114,7,22.85,Inf
"2:456",2020-08-19,5919,0,499,114,7,22.85,8.43
"2:457",2020-08-18,5898,0,492,122,6,24.8,Inf
"2:458",2020-08-18,5898,0,492,122,6,24.8,8.34
"2:459",2020-08-17,6341,0,486,120,8,24.69,Inf
"2:460",2020-08-17,6341,0,486,120,8,24.69,7.66
"2:461",2020-08-16,6494,0,478,120,14,25.1,Inf
"2:462",2020-08-16,6494,0,478,120,14,25.1,7.36
"2:463",2020-08-15,6487,0,464,108,-2,23.28,Inf
"2:464",2020-08-15,6487,0,464,108,-2,23.28,7.15
"2:465",2020-08-14,6359,0,466,113,-7,24.25,Inf
"2:466",2020-08-14,6359,0,466,113,-7,24.25,7.33
"2:467",2020-08-13,6582,0,473,112,-13,23.68,Inf
"2:468",2020-08-13,6582,0,473,112,-13,23.68,7.19
"2:469",2020-08-12,6725,0,486,113,-21,23.25,Inf
"2:470",2020-08-12,6725,0,486,113,-21,23.25,7.23
"2:471",2020-08-11,6857,0,507,116,-1,22.88,Inf
"2:472",2020-08-11,6857,0,507,116,-1,22.88,7.39
"2:473",2020-08-10,7343,0,508,117,-6,23.03,Inf
"2:474",2020-08-10,7343,0,508,117,-6,23.03,6.92
"2:475",2020-08-09,7387,0,514,115,17,22.37,Inf
"2:476",2020-08-09,7387,0,514,115,17,22.37,6.96
"2:477",2020-08-08,7299,0,497,117,-26,23.54,Inf
"2:478",2020-08-08,7299,0,497,117,-26,23.54,6.81
"2:479",2020-08-07,7158,0,523,116,9,22.18,Inf
"2:480",2020-08-07,7158,0,523,116,9,22.18,7.31
"2:481",2020-08-06,6958,0,514,111,-2,21.6,Inf
"2:482",2020-08-06,6958,0,514,111,-2,21.6,7.39
"2:483",2020-08-05,6937,0,516,106,-10,20.54,Inf
"2:484",2020-08-05,6937,0,516,106,-10,20.54,7.44
"2:485",2020-08-04,6891,0,526,101,13,19.2,Inf
"2:486",2020-08-04,6891,0,526,101,13,19.2,7.63
"2:487",2020-08-03,6882,0,513,108,-2,21.05,Inf
"2:488",2020-08-03,6882,0,513,108,-2,21.05,7.45
"2:489",2020-08-02,6770,0,515,106,16,20.58,Inf
"2:490",2020-08-02,6770,0,515,106,16,20.58,7.61
"2:491",2020-08-01,6681,0,499,104,-8,20.84,Inf
"2:492",2020-08-01,6681,0,499,104,-8,20.84,7.47
"2:493",2020-07-31,6645,0,507,100,3,19.72,Inf
"2:494",2020-07-31,6645,0,507,100,3,19.72,7.63
"2:495",2020-07-30,6580,0,504,101,-4,20.04,Inf
"2:496",2020-07-30,6580,0,504,101,-4,20.04,7.66
"2:497",2020-07-29,6596,0,508,108,7,21.26,Inf
"2:498",2020-07-29,6596,0,508,108,7,21.26,7.7
"2:499",2020-07-28,6565,0,501,110,12,21.96,Inf
"2:500",2020-07-28,6565,0,501,110,12,21.96,7.63
"2:501",2020-07-27,6674,0,489,110,9,22.49,Inf
"2:502",2020-07-27,6674,0,489,110,9,22.49,7.33
"2:503",2020-07-26,6600,0,480,103,1,21.46,Inf
"2:504",2020-07-26,6600,0,480,103,1,21.46,7.27
"2:505",2020-07-25,6499,0,479,104,-18,21.71,Inf
"2:506",2020-07-25,6499,0,479,104,-18,21.71,7.37
"2:507",2020-07-24,7028,0,497,109,17,21.93,Inf
"2:508",2020-07-24,7028,0,497,109,17,21.93,7.07
"2:509",2020-07-23,7009,0,480,107,6,22.29,Inf
"2:510",2020-07-23,7009,0,480,107,6,22.29,6.85
"2:511",2020-07-22,6876,0,474,107,-14,22.57,Inf
"2:512",2020-07-22,6876,0,474,107,-14,22.57,6.89
"2:513",2020-07-21,6998,0,488,110,17,22.54,Inf
"2:514",2020-07-21,6998,0,488,110,17,22.54,6.97
"2:515",2020-07-20,7167,0,471,111,18,23.57,Inf
"2:516",2020-07-20,7167,0,471,111,18,23.57,6.57
"2:517",2020-07-19,7019,0,453,105,0,23.18,Inf
"2:518",2020-07-19,7019,0,453,105,0,23.18,6.45
"2:519",2020-07-18,6884,0,453,97,-11,21.41,Inf
"2:520",2020-07-18,6884,0,453,97,-11,21.41,6.58
"2:521",2020-07-17,6633,0,464,97,-6,20.91,Inf
"2:522",2020-07-17,6633,0,464,97,-6,20.91,7
"2:523",2020-07-16,6578,0,470,101,12,21.49,Inf
"2:524",2020-07-16,6578,0,470,101,12,21.49,7.15
"2:525",2020-07-15,6439,0,458,94,13,20.52,Inf
"2:526",2020-07-15,6439,0,458,94,13,20.52,7.11
"2:527",2020-07-14,6558,0,445,91,6,20.45,Inf
"2:528",2020-07-14,6558,0,445,91,6,20.45,6.79
"2:529",2020-07-13,6510,0,439,89,19,20.27,Inf
"2:530",2020-07-13,6510,0,439,89,19,20.27,6.74
"2:531",2020-07-12,6455,0,420,82,8,19.52,Inf
"2:532",2020-07-12,6455,0,420,82,8,19.52,6.51
"2:533",2020-07-11,6355,0,412,84,10,20.39,Inf
"2:534",2020-07-11,6355,0,412,84,10,20.39,6.48
"2:535",2020-07-10,5848,0,402,84,8,20.9,Inf
"2:536",2020-07-10,5848,0,402,84,8,20.9,6.87
"2:537",2020-07-09,5751,0,394,82,36,20.81,Inf
"2:538",2020-07-09,5751,0,394,82,36,20.81,6.85
"2:539",2020-07-08,5545,0,358,79,-11,22.07,Inf
"2:540",2020-07-08,5545,0,358,79,-11,22.07,6.46
"2:541",2020-07-07,5486,0,369,83,32,22.49,Inf
"2:542",2020-07-07,5486,0,369,83,32,22.49,6.73
"2:543",2020-07-06,6127,0,337,81,12,24.04,Inf
"2:544",2020-07-06,6127,0,337,81,12,24.04,5.5
"2:545",2020-07-05,6394,0,325,75,20,23.08,Inf
"2:546",2020-07-05,6394,0,325,75,20,23.08,5.08
"2:547",2020-07-04,6197,0,305,69,24,22.62,Inf
"2:548",2020-07-04,6197,0,305,69,24,22.62,4.92
"2:549",2020-07-03,6177,0,281,70,9,24.91,Inf
"2:550",2020-07-03,6177,0,281,70,9,24.91,4.55
"2:551",2020-07-02,6098,0,272,69,-3,25.37,Inf
"2:552",2020-07-02,6098,0,272,69,-3,25.37,4.46
"2:553",2020-07-01,5757,0,275,72,-15,26.18,Inf
"2:554",2020-07-01,5757,0,275,72,-15,26.18,4.78
"2:555",2020-06-30,5976,0,290,67,-10,23.1,Inf
"2:556",2020-06-30,5976,0,290,67,-10,23.1,4.85
"2:557",2020-06-29,5926,0,300,63,17,21,Inf
"2:558",2020-06-29,5926,0,300,63,17,21,5.06
"2:559",2020-06-28,5918,0,283,66,5,23.32,Inf
"2:560",2020-06-28,5918,0,283,66,5,23.32,4.78
"2:561",2020-06-27,5781,0,278,63,-6,22.66,Inf
"2:562",2020-06-27,5781,0,278,63,-6,22.66,4.81
"2:563",2020-06-26,5707,0,284,63,0,22.18,Inf
"2:564",2020-06-26,5707,0,284,63,0,22.18,4.98
"2:565",2020-06-25,5693,0,284,66,17,23.24,Inf
"2:566",2020-06-25,5693,0,284,66,17,23.24,4.99
"2:567",2020-06-24,5567,0,267,58,19,21.72,Inf
"2:568",2020-06-24,5567,0,267,58,19,21.72,4.8
"2:569",2020-06-23,5221,0,248,57,11,22.98,Inf
"2:570",2020-06-23,5221,0,248,57,11,22.98,4.75
"2:571",2020-06-22,5063,0,237,61,-7,25.74,Inf
"2:572",2020-06-22,5063,0,237,61,-7,25.74,4.68
"2:573",2020-06-21,4880,0,244,62,4,25.41,Inf
"2:574",2020-06-21,4880,0,244,62,4,25.41,5
"2:575",2020-06-20,4836,0,240,59,9,24.58,Inf
"2:576",2020-06-20,4836,0,240,59,9,24.58,4.96
"2:577",2020-06-19,4705,0,231,57,5,24.68,Inf
"2:578",2020-06-19,4705,0,231,57,5,24.68,4.91
"2:579",2020-06-18,4344,0,226,53,9,23.45,Inf
"2:580",2020-06-18,4344,0,226,53,9,23.45,5.2
"2:581",2020-06-17,4413,0,217,53,3,24.42,Inf
"2:582",2020-06-17,4413,0,217,53,3,24.42,4.92
"2:583",2020-06-16,4338,0,214,45,8,21.03,Inf
"2:584",2020-06-16,4338,0,214,45,8,21.03,4.93
"2:585",2020-06-15,4383,0,206,45,5,21.84,Inf
"2:586",2020-06-15,4383,0,206,45,5,21.84,4.7
"2:587",2020-06-14,4212,0,201,45,-3,22.39,Inf
"2:588",2020-06-14,4212,0,201,45,-3,22.39,4.77
"2:589",2020-06-13,4055,0,204,46,1,22.55,Inf
"2:590",2020-06-13,4055,0,204,46,1,22.55,5.03
"2:591",2020-06-12,3764,0,203,49,16,24.14,Inf
"2:592",2020-06-12,3764,0,203,49,16,24.14,5.39
"2:593",2020-06-11,3294,0,187,45,6,24.06,Inf
"2:594",2020-06-11,3294,0,187,45,6,24.06,5.68
"2:595",2020-06-10,3087,0,181,49,8,27.07,Inf
"2:596",2020-06-10,3087,0,181,49,8,27.07,5.86
"2:597",2020-06-09,3044,0,173,44,2,25.43,Inf
"2:598",2020-06-09,3044,0,173,44,2,25.43,5.68
"2:599",2020-06-08,2955,0,171,46,26,26.9,Inf
"2:600",2020-06-08,2955,0,171,46,26,26.9,5.79
"2:601",2020-06-07,2848,0,145,35,-9,24.14,Inf
"2:602",2020-06-07,2848,0,145,35,-9,24.14,5.09
"2:603",2020-06-06,2681,0,154,36,7,23.38,Inf
"2:604",2020-06-06,2681,0,154,36,7,23.38,5.74
"2:605",2020-06-05,2422,0,147,35,10,23.81,Inf
"2:606",2020-06-05,2422,0,147,35,10,23.81,6.07
"2:607",2020-06-04,2355,0,137,32,-1,23.36,Inf
"2:608",2020-06-04,2355,0,137,32,-1,23.36,5.82
"2:609",2020-06-03,2208,0,138,30,6,21.74,Inf
"2:610",2020-06-03,2208,0,138,30,6,21.74,6.25
"2:611",2020-06-02,2115,0,132,31,11,23.48,Inf
"2:612",2020-06-02,2115,0,132,31,11,23.48,6.24
"2:613",2020-06-01,1909,0,121,26,6,21.49,Inf
"2:614",2020-06-01,1909,0,121,26,6,21.49,6.34
"2:615",2020-05-31,1845,0,115,27,11,23.48,Inf
"2:616",2020-05-31,1845,0,115,27,11,23.48,6.23
"2:617",2020-05-30,1714,0,104,26,-9,25,Inf
"2:618",2020-05-30,1714,0,104,26,-9,25,6.07
"2:619",2020-05-29,1699,0,113,24,9,21.24,Inf
"2:620",2020-05-29,1699,0,113,24,9,21.24,6.65
"2:621",2020-05-28,1830,0,104,27,-4,25.96,Inf
"2:622",2020-05-28,1830,0,104,27,-4,25.96,5.68
"2:623",2020-05-27,1733,0,108,22,1,20.37,Inf
"2:624",2020-05-27,1733,0,108,22,1,20.37,6.23
"2:625",2020-05-26,1729,0,107,18,8,16.82,Inf
"2:626",2020-05-26,1729,0,107,18,8,16.82,6.19
"2:627",2020-05-25,1663,0,99,17,7,17.17,Inf
"2:628",2020-05-25,1663,0,99,17,7,17.17,5.95
"2:629",2020-05-24,1658,0,92,17,6,18.48,Inf
"2:630",2020-05-24,1658,0,92,17,6,18.48,5.55
"2:631",2020-05-23,1564,0,86,17,5,19.77,Inf
"2:632",2020-05-23,1564,0,86,17,5,19.77,5.5
"2:633",2020-05-22,1470,0,81,14,-5,17.28,Inf
"2:634",2020-05-22,1470,0,81,14,-5,17.28,5.51
"2:635",2020-05-21,1433,0,86,14,7,16.28,Inf
"2:636",2020-05-21,1433,0,86,14,7,16.28,6
"2:637",2020-05-20,1044,0,79,16,1,20.25,Inf
"2:638",2020-05-20,1044,0,79,16,1,20.25,7.57
"2:639",2020-05-19,1082,0,78,14,1,17.95,Inf
"2:640",2020-05-19,1082,0,78,14,1,17.95,7.21
"2:641",2020-05-18,1068,0,77,12,12,15.58,Inf
"2:642",2020-05-18,1068,0,77,12,12,15.58,7.21
"2:643",2020-05-17,1071,0,65,10,0,15.38,Inf
"2:644",2020-05-17,1071,0,65,10,0,15.38,6.07
"2:645",2020-05-16,1008,0,65,10,0,15.38,Inf
"2:646",2020-05-16,1008,0,65,10,0,15.38,6.45
"2:647",2020-05-15,975,0,65,9,-4,13.85,Inf
"2:648",2020-05-15,975,0,65,9,-4,13.85,6.67
"2:649",2020-05-14,991,0,69,10,5,14.49,Inf
"2:650",2020-05-14,991,0,69,10,5,14.49,6.96
"2:651",2020-05-13,862,0,64,13,5,20.31,Inf
"2:652",2020-05-13,862,0,64,13,5,20.31,7.42
"2:653",2020-05-12,849,0,59,12,-2,20.34,Inf
"2:654",2020-05-12,849,0,59,12,-2,20.34,6.95
"2:655",2020-05-11,800,0,61,11,-14,18.03,Inf
"2:656",2020-05-11,800,0,61,11,-14,18.03,7.62
"2:657",2020-05-10,809,0,75,3,11,4,Inf
"2:658",2020-05-10,809,0,75,3,11,4,9.27
"2:659",2020-05-09,837,0,64,13,0,20.31,Inf
"2:660",2020-05-09,837,0,64,13,0,20.31,7.65
"2:661",2020-05-08,691,0,64,14,-6,21.88,Inf
"2:662",2020-05-08,691,0,64,14,-6,21.88,9.26
"2:663",2020-05-07,710,0,70,14,1,20,Inf
"2:664",2020-05-07,710,0,70,14,1,20,9.86
"2:665",2020-05-06,1374,0,69,14,-20,20.29,Inf
"2:666",2020-05-06,1374,0,69,14,-20,20.29,5.02
"2:667",2020-05-05,1364,0,89,16,-2,17.98,Inf
"2:668",2020-05-05,1364,0,89,16,-2,17.98,6.52
"2:669",2020-05-04,1362,0,91,16,-9,17.58,Inf
"2:670",2020-05-04,1362,0,91,16,-9,17.58,6.68
"2:671",2020-05-03,1356,0,100,22,0,22,Inf
"2:672",2020-05-03,1356,0,100,22,0,22,7.37
"2:673",2020-05-02,1312,0,100,20,5,20,Inf
"2:674",2020-05-02,1312,0,100,20,5,20,7.62
"2:675",2020-05-01,1284,0,95,23,0,24.21,Inf
"2:676",2020-05-01,1284,0,95,23,0,24.21,7.4
