"","Date","Casos_0_10","Casos_11_17","Casos_18_24","Casos_25_34","Casos_35_44","Cases_45_54","Casos_45_54","Casos_65","Casos_Desconocidos","Muertes_0_10","Muertes_11_17","Muertes_18_24","Muertes_25_34","Muertes_35_44","Muertes_45_54","Muertes_55_64","Muertes_65","Muertes_Desconocidos","Casos_0_17","Casos_25_44","Casos_45_64","Muertes_0_17","Muertes_25_44","Muertes_45_64","Nuevos_Casos_0_10","Nuevos_Casos_11_17","Nuevos_Casos_18_24","Nuevos_Casos_25_34","Nuevos_Casos_35_44","Nuevos_Casos_45_54","Nuevos_Casos_55_64","Nuevos_Casos_65","Nuevas_Muertes_0_10","Nuevas_Muertes_11_17","Nuevas_Muertes_18_24","Nuevas_Muertes_25_34","Nuevas_Muertes_35_44","Nuevas_Muertes_45_54","Nuevas_Muertes_55_64","Nuevas_Muertes_65","Nuevos_Casos_0_17","Nuevos_Casos_25_44","Nuevos_Casos_45_64","Nuevas_Muertes_0_17","Nuevas_Muertes_25_44","Nuevas_Muertes_45_64"
"2",2021-06-02,20895,29139,43975,55007,52223,48432,42096,49925,0,0,0,10,36,105,267,701,4716,0,NA,NA,NA,NA,NA,NA,20,15,31,42,51,25,34,24,0,0,0,0,0,1,-1,1,NA,NA,NA,NA,NA,NA
"1:1",2021-06-01,20875,29124,43944,54965,52172,48407,42062,49901,0,0,0,10,36,105,266,702,4715,0,NA,NA,NA,NA,NA,NA,3,4,9,13,21,9,3,7,0,0,0,0,0,0,-1,2,NA,NA,NA,NA,NA,NA
"1:2",2021-05-31,20872,29120,43935,54952,52151,48398,42059,49894,0,0,0,10,36,105,266,703,4713,0,NA,NA,NA,NA,NA,NA,1,0,2,5,5,5,6,6,0,0,0,0,1,0,0,0,NA,NA,NA,NA,NA,NA
"1:3",2021-05-30,20871,29120,43933,54947,52146,48393,42053,49888,0,0,0,10,36,104,266,703,4713,0,NA,NA,NA,NA,NA,NA,7,3,7,8,13,8,10,5,0,0,0,0,0,0,0,2,NA,NA,NA,NA,NA,NA
"1:4",2021-05-29,20864,29117,43926,54939,52133,48385,42043,49883,0,0,0,10,36,104,266,703,4711,0,NA,NA,NA,NA,NA,NA,14,20,19,28,23,27,18,11,0,0,0,0,0,0,0,0,NA,NA,NA,NA,NA,NA
"1:5",2021-05-28,20850,29097,43907,54911,52110,48358,42025,49872,0,0,0,10,36,104,266,703,4711,0,NA,NA,NA,NA,NA,NA,17,24,30,40,32,29,14,28,0,0,0,0,0,0,1,0,NA,NA,NA,NA,NA,NA
"1:6",2021-05-27,20833,29073,43877,54871,52078,48329,42011,49844,0,0,0,10,36,104,266,702,4711,0,NA,NA,NA,NA,NA,NA,20,17,28,40,44,32,20,17,0,0,0,0,0,0,0,2,NA,NA,NA,NA,NA,NA
"1:7",2021-05-26,20813,29056,43849,54831,52034,48297,41991,49827,0,0,0,10,36,104,266,702,4709,0,NA,NA,NA,NA,NA,NA,21,22,21,40,30,20,16,13,0,0,0,0,0,0,0,3,NA,NA,NA,NA,NA,NA
"1:8",2021-05-25,20792,29034,43828,54791,52004,48277,41975,49814,0,0,0,10,36,104,266,702,4706,0,NA,NA,NA,NA,NA,NA,55,24,40,51,52,38,38,31,0,0,0,0,1,0,1,2,NA,NA,NA,NA,NA,NA
"1:9",2021-05-24,20737,29010,43788,54740,51952,48239,41937,49783,0,0,0,10,36,103,266,701,4704,0,NA,NA,NA,NA,NA,NA,6,5,6,11,11,2,4,4,0,0,1,0,0,1,0,1,NA,NA,NA,NA,NA,NA
"1:10",2021-05-23,20731,29005,43782,54729,51941,48237,41933,49779,0,0,0,9,36,103,265,701,4703,0,NA,NA,NA,NA,NA,NA,6,10,14,18,14,15,10,10,0,0,0,0,0,0,0,1,NA,NA,NA,NA,NA,NA
"1:11",2021-05-22,20725,28995,43768,54711,51927,48222,41923,49769,0,0,0,9,36,103,265,701,4702,0,NA,NA,NA,NA,NA,NA,15,23,25,28,31,22,20,13,0,0,1,0,0,1,0,3,NA,NA,NA,NA,NA,NA
"1:12",2021-05-21,20710,28972,43743,54683,51896,48200,41903,49756,0,0,0,8,36,103,264,701,4699,0,NA,NA,NA,NA,NA,NA,11,17,29,31,37,30,28,18,0,0,0,0,0,1,1,1,NA,NA,NA,NA,NA,NA
"1:13",2021-05-20,20699,28955,43714,54652,51859,48170,41875,49738,0,0,0,8,36,103,263,700,4698,0,NA,NA,NA,NA,NA,NA,24,25,31,37,41,30,39,29,0,0,0,0,0,0,2,1,NA,NA,NA,NA,NA,NA
"1:14",2021-05-19,20675,28930,43683,54615,51818,48140,41836,49709,0,0,0,8,36,103,263,698,4697,0,NA,NA,NA,NA,NA,NA,25,37,25,40,39,27,20,31,0,0,0,0,0,0,0,0,NA,NA,NA,NA,NA,NA
"1:15",2021-05-18,20650,28893,43658,54575,51779,48113,41816,49678,0,0,0,8,36,103,263,698,4697,0,NA,NA,NA,NA,NA,NA,24,30,33,61,54,41,34,36,0,0,0,1,1,1,1,5,NA,NA,NA,NA,NA,NA
"1:16",2021-05-17,20626,28863,43625,54514,51725,48072,41782,49642,0,0,0,8,35,102,262,697,4692,0,NA,NA,NA,NA,NA,NA,5,3,10,20,8,11,2,8,0,0,0,0,0,0,0,2,NA,NA,NA,NA,NA,NA
"1:17",2021-05-16,20621,28860,43615,54494,51717,48061,41780,49634,0,0,0,8,35,102,262,697,4690,0,NA,NA,NA,NA,NA,NA,7,7,25,11,10,14,6,15,0,0,0,0,0,0,0,1,NA,NA,NA,NA,NA,NA
"1:18",2021-05-15,20614,28853,43590,54483,51707,48047,41774,49619,0,0,0,8,35,102,262,697,4689,0,NA,NA,NA,NA,NA,NA,12,20,30,29,42,31,13,25,0,0,0,0,0,1,1,1,NA,NA,NA,NA,NA,NA
"1:19",2021-05-14,20602,28833,43560,54454,51665,48016,41761,49594,0,0,0,8,35,102,261,696,4688,0,NA,NA,NA,NA,NA,NA,23,37,34,39,40,34,21,22,0,0,0,0,0,0,1,6,NA,NA,NA,NA,NA,NA
"1:20",2021-05-13,20579,28796,43526,54415,51625,47982,41740,49572,0,0,0,8,35,102,261,695,4682,0,NA,NA,NA,NA,NA,NA,20,40,24,32,25,14,15,22,0,0,0,0,0,0,1,5,NA,NA,NA,NA,NA,NA
"1:21",2021-05-12,20559,28756,43502,54383,51600,47968,41725,49550,0,0,0,8,35,102,261,694,4677,0,NA,NA,NA,NA,NA,NA,17,27,28,39,32,31,27,23,0,0,0,0,0,1,1,5,NA,NA,NA,NA,NA,NA
"1:22",2021-05-11,20542,28729,43474,54344,51568,47937,41698,49527,0,0,0,8,35,102,260,693,4672,0,NA,NA,NA,NA,NA,NA,20,31,25,36,41,32,29,19,0,0,0,0,0,1,2,3,NA,NA,NA,NA,NA,NA
"1:23",2021-05-10,20522,28698,43449,54308,51527,47905,41669,49508,0,0,0,8,35,102,259,691,4669,0,NA,NA,NA,NA,NA,NA,3,7,11,14,15,8,8,10,0,0,0,0,0,0,0,3,NA,NA,NA,NA,NA,NA
"1:24",2021-05-09,20519,28691,43438,54294,51512,47897,41661,49498,0,0,0,8,35,102,259,691,4666,0,NA,NA,NA,NA,NA,NA,10,19,5,14,25,7,9,6,0,0,0,0,0,1,0,0,NA,NA,NA,NA,NA,NA
"1:25",2021-05-08,20509,28672,43433,54280,51487,47890,41652,49492,0,0,0,8,35,102,258,691,4666,0,NA,NA,NA,NA,NA,NA,23,26,33,48,33,36,19,27,0,0,0,0,0,0,1,0,NA,NA,NA,NA,NA,NA
"1:26",2021-05-07,20486,28646,43400,54232,51454,47854,41633,49465,0,0,0,8,35,102,258,690,4666,0,NA,NA,NA,NA,NA,NA,20,26,26,30,34,41,24,21,0,0,0,0,0,0,0,2,NA,NA,NA,NA,NA,NA
"1:27",2021-05-06,20466,28620,43374,54202,51420,47813,41609,49444,0,0,0,8,35,102,258,690,4664,0,NA,NA,NA,NA,NA,NA,15,32,16,36,31,14,21,23,0,0,0,0,0,2,0,1,NA,NA,NA,NA,NA,NA
"1:28",2021-05-05,20451,28588,43358,54166,51389,47799,41588,49421,0,0,0,8,35,102,256,690,4663,0,NA,NA,NA,NA,NA,NA,29,23,43,75,54,34,22,18,0,0,0,0,0,0,0,2,NA,NA,NA,NA,NA,NA
"1:29",2021-05-04,20422,28565,43315,54091,51335,47765,41566,49403,0,0,0,8,35,102,256,690,4661,0,NA,NA,NA,NA,NA,NA,20,41,36,55,51,42,24,27,0,0,0,0,0,0,1,4,NA,NA,NA,NA,NA,NA
"1:30",2021-05-03,20402,28524,43279,54036,51284,47723,41542,49376,0,0,0,8,35,102,256,689,4657,0,NA,NA,NA,NA,NA,NA,5,6,4,8,7,13,8,10,0,0,0,0,0,0,1,3,NA,NA,NA,NA,NA,NA
"1:31",2021-05-02,20397,28518,43275,54028,51277,47710,41534,49366,0,0,0,8,35,102,256,688,4654,0,NA,NA,NA,NA,NA,NA,10,18,20,19,23,19,12,16,0,0,0,0,0,0,0,2,NA,NA,NA,NA,NA,NA
"1:32",2021-05-01,20387,28500,43255,54009,51254,47691,41522,49350,0,0,0,8,35,102,256,688,4652,0,NA,NA,NA,NA,NA,NA,12,29,38,46,38,33,23,24,0,0,0,0,0,0,0,2,NA,NA,NA,NA,NA,NA
"1:33",2021-04-30,20375,28471,43217,53963,51216,47658,41499,49326,0,0,0,8,35,102,256,688,4650,0,NA,NA,NA,NA,NA,NA,21,23,31,27,28,19,21,26,0,0,0,0,1,1,0,2,NA,NA,NA,NA,NA,NA
"1:34",2021-04-29,20354,28448,43186,53936,51188,47639,41478,49300,0,0,0,8,35,101,255,688,4648,0,NA,NA,NA,NA,NA,NA,19,28,42,41,42,31,24,13,0,0,0,0,1,0,3,5,NA,NA,NA,NA,NA,NA
"1:35",2021-04-28,20335,28420,43144,53895,51146,47608,41454,49287,0,0,0,8,35,100,255,685,4643,0,NA,NA,NA,NA,NA,NA,25,60,43,30,33,47,13,40,0,0,0,0,0,0,1,0,NA,NA,NA,NA,NA,NA
"1:36",2021-04-27,20310,28360,43101,53865,51113,47561,41441,49247,0,0,0,8,35,100,255,684,4643,0,NA,NA,NA,NA,NA,NA,14,36,33,43,33,32,17,21,0,0,0,0,0,0,0,5,NA,NA,NA,NA,NA,NA
"1:37",2021-04-26,20296,28324,43068,53822,51080,47529,41424,49226,0,0,0,8,35,100,255,684,4638,0,NA,NA,NA,NA,NA,NA,2,3,4,14,16,5,8,11,0,0,0,0,0,0,0,2,NA,NA,NA,NA,NA,NA
"1:38",2021-04-25,20294,28321,43064,53808,51064,47524,41416,49215,0,0,0,8,35,100,255,684,4636,0,NA,NA,NA,NA,NA,NA,8,2,9,15,6,10,5,9,0,0,0,0,0,0,-1,2,NA,NA,NA,NA,NA,NA
"1:39",2021-04-24,20286,28319,43055,53793,51058,47514,41411,49206,0,0,0,8,35,100,255,685,4634,0,NA,NA,NA,NA,NA,NA,8,27,31,31,37,18,14,18,0,0,0,1,0,0,0,0,NA,NA,NA,NA,NA,NA
"1:40",2021-04-23,20278,28292,43024,53762,51021,47496,41397,49188,0,0,0,8,34,100,255,685,4634,0,NA,NA,NA,NA,NA,NA,12,31,39,42,33,26,29,24,0,0,0,0,0,0,2,3,NA,NA,NA,NA,NA,NA
"1:41",2021-04-22,20266,28261,42985,53720,50988,47470,41368,49164,0,0,0,8,34,100,255,683,4631,0,NA,NA,NA,NA,NA,NA,16,14,20,21,33,19,18,20,0,0,0,0,0,1,1,1,NA,NA,NA,NA,NA,NA
"1:42",2021-04-21,20250,28247,42965,53699,50955,47451,41350,49144,0,0,0,8,34,100,254,682,4630,0,NA,NA,NA,NA,NA,NA,29,44,61,55,46,46,42,29,0,0,0,0,0,0,0,2,NA,NA,NA,NA,NA,NA
"1:43",2021-04-20,20221,28203,42904,53644,50909,47405,41308,49115,0,0,0,8,34,100,254,682,4628,0,NA,NA,NA,NA,NA,NA,19,28,23,34,32,21,20,21,0,0,0,0,0,0,1,6,NA,NA,NA,NA,NA,NA
"1:44",2021-04-19,20202,28175,42881,53610,50877,47384,41288,49094,0,0,0,8,34,100,254,681,4622,0,NA,NA,NA,NA,NA,NA,1,7,6,8,10,10,9,8,0,0,0,0,1,0,1,3,NA,NA,NA,NA,NA,NA
"1:45",2021-04-18,20201,28168,42875,53602,50867,47374,41279,49086,0,0,0,8,34,99,254,680,4619,0,NA,NA,NA,NA,NA,NA,6,6,7,5,6,5,4,6,0,0,0,0,0,0,1,0,NA,NA,NA,NA,NA,NA
"1:46",2021-04-17,20195,28162,42868,53597,50861,47369,41275,49080,0,0,0,8,34,99,254,679,4619,0,NA,NA,NA,NA,NA,NA,17,25,30,41,28,26,28,26,0,0,0,0,0,0,0,1,NA,NA,NA,NA,NA,NA
"1:47",2021-04-16,20178,28137,42838,53556,50833,47343,41247,49054,0,0,0,8,34,99,254,679,4618,0,NA,NA,NA,NA,NA,NA,22,26,24,39,35,28,34,29,0,0,0,0,-1,1,2,4,NA,NA,NA,NA,NA,NA
"1:48",2021-04-15,20156,28111,42814,53517,50798,47315,41213,49025,0,0,0,8,34,100,253,677,4614,0,NA,NA,NA,NA,NA,NA,24,27,32,50,52,38,31,29,0,0,0,0,1,0,-1,6,NA,NA,NA,NA,NA,NA
"1:49",2021-04-14,20132,28084,42782,53467,50746,47277,41182,48996,0,0,0,8,34,99,253,678,4608,0,NA,NA,NA,NA,NA,NA,21,25,23,33,37,30,28,23,0,0,0,0,0,0,2,5,NA,NA,NA,NA,NA,NA
"1:50",2021-04-13,20111,28059,42759,53434,50709,47247,41154,48973,0,0,0,8,34,99,253,676,4603,0,NA,NA,NA,NA,NA,NA,24,20,26,36,31,29,29,29,0,0,0,0,2,1,2,3,NA,NA,NA,NA,NA,NA
"1:51",2021-04-12,20087,28039,42733,53398,50678,47218,41125,48944,0,0,0,8,34,97,252,674,4600,0,NA,NA,NA,NA,NA,NA,6,4,8,13,14,12,8,4,0,0,0,0,0,0,2,2,NA,NA,NA,NA,NA,NA
"1:52",2021-04-11,20081,28035,42725,53385,50664,47206,41117,48940,0,0,0,8,34,97,252,672,4598,0,NA,NA,NA,NA,NA,NA,5,6,20,25,18,13,6,7,0,0,0,0,0,0,0,0,NA,NA,NA,NA,NA,NA
"1:53",2021-04-10,20076,28029,42705,53360,50646,47193,41111,48933,0,0,0,8,34,97,252,672,4598,0,NA,NA,NA,NA,NA,NA,13,22,28,28,22,25,15,18,0,0,0,0,0,0,0,0,NA,NA,NA,NA,NA,NA
"1:54",2021-04-09,20063,28007,42677,53332,50624,47168,41096,48915,0,0,0,8,34,97,252,672,4598,0,NA,NA,NA,NA,NA,NA,21,18,22,35,31,21,15,15,0,0,0,0,0,0,0,-1,NA,NA,NA,NA,NA,NA
"1:55",2021-04-08,20042,27989,42655,53297,50593,47147,41081,48900,0,0,0,8,34,97,252,672,4599,0,NA,NA,NA,NA,NA,NA,14,20,41,44,23,27,13,17,0,0,0,0,0,0,-1,3,NA,NA,NA,NA,NA,NA
"1:56",2021-04-07,20028,27969,42614,53253,50570,47120,41068,48883,0,0,0,8,34,97,252,673,4596,0,NA,NA,NA,NA,NA,NA,11,28,37,41,33,32,35,27,0,0,0,0,1,0,3,3,NA,NA,NA,NA,NA,NA
"1:57",2021-04-06,20017,27941,42577,53212,50537,47088,41033,48856,0,0,0,8,34,96,252,670,4593,0,NA,NA,NA,NA,NA,NA,6,14,36,25,27,26,18,11,0,0,0,0,0,1,1,3,NA,NA,NA,NA,NA,NA
"1:58",2021-04-05,20011,27927,42541,53187,50510,47062,41015,48845,0,0,0,8,34,96,251,669,4590,0,NA,NA,NA,NA,NA,NA,-3,2,7,10,4,11,7,6,0,0,0,1,0,0,0,4,NA,NA,NA,NA,NA,NA
"1:59",2021-04-04,20014,27925,42534,53177,50506,47051,41008,48839,0,0,0,8,33,96,251,669,4586,0,NA,NA,NA,NA,NA,NA,7,7,14,21,0,0,1,1,0,0,0,0,0,0,1,1,NA,NA,NA,NA,NA,NA
"1:60",2021-04-03,20007,27918,42520,53156,50497,47038,41001,48833,0,0,0,8,33,96,251,668,4585,0,NA,NA,NA,NA,NA,NA,14,20,36,29,38,37,25,18,0,0,0,0,0,0,0,2,NA,NA,NA,NA,NA,NA
"1:61",2021-04-02,19993,27898,42484,53127,50459,47001,40976,48815,0,0,0,8,33,96,251,668,4583,0,NA,NA,NA,NA,NA,NA,15,27,12,21,26,16,13,14,0,0,0,0,0,0,0,3,NA,NA,NA,NA,NA,NA
"1:62",2021-04-01,19978,27871,42472,53106,50433,46985,40963,48801,0,0,0,8,33,96,251,668,4580,0,NA,NA,NA,NA,NA,NA,15,15,26,39,32,35,24,25,0,0,1,0,-1,1,5,4,NA,NA,NA,NA,NA,NA
"1:63",2021-03-31,19963,27856,42446,53067,50401,46950,40939,48776,0,0,0,7,33,97,250,663,4576,0,NA,NA,NA,NA,NA,NA,14,23,32,36,34,29,16,28,0,0,0,0,0,1,2,7,NA,NA,NA,NA,NA,NA
"1:64",2021-03-30,19949,27833,42414,53031,50367,46921,40923,48748,0,0,0,7,33,97,249,661,4569,0,NA,NA,NA,NA,NA,NA,13,22,35,41,42,38,36,30,0,0,0,0,0,1,3,17,NA,NA,NA,NA,NA,NA
"1:65",2021-03-28,19936,27811,42379,52990,50325,46883,40887,48718,0,0,0,7,33,97,248,658,4552,0,NA,NA,NA,NA,NA,NA,7,7,14,9,12,7,9,4,0,0,0,0,0,0,0,5,NA,NA,NA,NA,NA,NA
"1:66",2021-03-27,19929,27804,42365,52981,50313,46876,40878,48714,0,0,0,7,33,97,248,658,4547,0,NA,NA,NA,NA,NA,NA,9,16,15,37,24,28,17,19,0,0,0,0,0,1,0,6,NA,NA,NA,NA,NA,NA
"1:67",2021-03-26,19920,27788,42350,52944,50289,46848,40861,48695,0,0,0,7,33,97,247,658,4541,0,NA,NA,NA,NA,NA,NA,18,8,28,43,25,31,15,16,0,0,0,0,1,1,2,8,NA,NA,NA,NA,NA,NA
"1:68",2021-03-25,19902,27780,42322,52901,50264,46817,40846,48679,0,0,0,7,33,96,246,656,4533,0,NA,NA,NA,NA,NA,NA,17,35,40,52,61,44,38,47,0,0,0,0,1,1,3,6,NA,NA,NA,NA,NA,NA
"1:69",2021-03-24,19885,27745,42282,52849,50203,46773,40808,48632,0,0,0,7,33,95,245,653,4527,0,NA,NA,NA,NA,NA,NA,8,11,23,34,32,33,30,60,0,0,0,0,0,1,1,11,NA,NA,NA,NA,NA,NA
"1:70",2021-03-23,19877,27734,42259,52815,50171,46740,40778,48572,0,0,0,7,33,95,244,652,4516,0,NA,NA,NA,NA,NA,NA,13,17,29,30,37,34,31,48,0,0,0,0,1,0,0,2,NA,NA,NA,NA,NA,NA
"1:71",2021-03-22,19864,27717,42230,52785,50134,46706,40747,48524,0,0,0,7,33,94,244,652,4514,0,NA,NA,NA,NA,NA,NA,4,4,9,9,8,2,9,7,0,0,0,0,0,0,0,5,NA,NA,NA,NA,NA,NA
"1:72",2021-03-21,19860,27713,42221,52776,50126,46704,40738,48517,0,0,0,7,33,94,244,652,4509,0,NA,NA,NA,NA,NA,NA,2,9,16,13,18,15,16,19,0,0,0,0,0,0,-1,7,NA,NA,NA,NA,NA,NA
"1:73",2021-03-20,19858,27704,42205,52763,50108,46689,40722,48498,0,0,0,7,33,94,244,653,4502,0,NA,NA,NA,NA,NA,NA,19,31,30,52,43,36,41,22,0,0,0,0,0,0,0,4,NA,NA,NA,NA,NA,NA
"1:74",2021-03-19,19839,27673,42175,52711,50065,46653,40681,48476,0,0,0,7,33,94,244,653,4498,0,NA,NA,NA,NA,NA,NA,17,21,21,38,23,27,32,49,0,0,0,0,0,2,3,9,NA,NA,NA,NA,NA,NA
"1:75",2021-03-18,19822,27652,42154,52673,50042,46626,40649,48427,0,0,0,7,33,94,242,650,4489,0,NA,NA,NA,NA,NA,NA,20,30,29,44,38,35,27,41,0,0,0,0,1,-1,3,5,NA,NA,NA,NA,NA,NA
"1:76",2021-03-17,19802,27622,42125,52629,50004,46591,40622,48386,0,0,0,7,33,93,243,647,4484,0,NA,NA,NA,NA,NA,NA,21,21,30,35,60,48,44,66,0,0,0,0,1,1,3,9,NA,NA,NA,NA,NA,NA
"1:77",2021-03-16,19781,27601,42095,52594,49944,46543,40578,48320,0,0,0,7,33,92,242,644,4475,0,NA,NA,NA,NA,NA,NA,10,35,58,62,61,58,53,59,0,0,0,0,2,2,2,6,NA,NA,NA,NA,NA,NA
"1:78",2021-03-15,19771,27566,42037,52532,49883,46485,40525,48261,0,0,0,7,33,90,240,642,4469,0,NA,NA,NA,NA,NA,NA,6,14,23,29,14,14,6,11,0,0,0,0,0,1,1,5,NA,NA,NA,NA,NA,NA
"1:79",2021-03-14,19765,27552,42014,52503,49869,46471,40519,48250,0,0,0,7,33,90,239,641,4464,0,NA,NA,NA,NA,NA,NA,0,15,16,21,20,20,14,24,0,0,0,0,1,0,4,14,NA,NA,NA,NA,NA,NA
"1:80",2021-03-13,19765,27537,41998,52482,49849,46451,40505,48226,0,0,0,7,33,89,239,637,4450,0,NA,NA,NA,NA,NA,NA,18,20,30,60,58,44,45,39,0,0,0,0,1,2,3,12,NA,NA,NA,NA,NA,NA
"1:81",2021-03-12,19747,27517,41968,52422,49791,46407,40460,48187,0,0,0,7,33,88,237,634,4438,0,NA,NA,NA,NA,NA,NA,35,38,44,78,58,57,59,90,0,0,0,0,1,2,2,22,NA,NA,NA,NA,NA,NA
"1:82",2021-03-11,19712,27479,41924,52344,49733,46350,40401,48097,0,0,0,7,33,87,235,632,4416,0,NA,NA,NA,NA,NA,NA,20,36,55,27,52,44,51,55,0,0,0,0,0,1,3,24,NA,NA,NA,NA,NA,NA
"1:83",2021-03-10,19692,27443,41869,52317,49681,46306,40350,48042,0,0,0,7,33,87,234,629,4392,0,NA,NA,NA,NA,NA,NA,13,24,32,45,55,41,33,74,0,0,0,0,0,1,4,20,NA,NA,NA,NA,NA,NA
"1:84",2021-03-09,19679,27419,41837,52272,49626,46265,40317,47968,0,0,0,7,33,87,233,625,4372,0,NA,NA,NA,NA,NA,NA,22,35,52,54,54,46,51,118,0,0,1,0,1,1,0,11,NA,NA,NA,NA,NA,NA
"1:85",2021-03-08,19657,27384,41785,52218,49572,46219,40266,47850,0,0,0,6,33,86,232,625,4361,0,NA,NA,NA,NA,NA,NA,8,11,9,24,15,15,16,35,0,0,0,0,0,1,2,21,NA,NA,NA,NA,NA,NA
"1:86",2021-03-07,19649,27373,41776,52194,49557,46204,40250,47815,0,0,0,6,33,86,231,623,4340,0,NA,NA,NA,NA,NA,NA,7,10,22,25,18,23,26,34,0,0,0,0,0,1,2,19,NA,NA,NA,NA,NA,NA
"1:87",2021-03-06,19642,27363,41754,52169,49539,46181,40224,47781,0,0,0,6,33,86,230,621,4321,0,NA,NA,NA,NA,NA,NA,22,30,34,54,48,38,42,59,0,0,0,0,1,0,1,12,NA,NA,NA,NA,NA,NA
"1:88",2021-03-05,19620,27333,41720,52115,49491,46143,40182,47722,0,0,0,6,33,85,230,620,4309,0,NA,NA,NA,NA,NA,NA,41,58,79,79,82,79,71,81,0,0,0,0,0,0,1,9,NA,NA,NA,NA,NA,NA
"1:89",2021-03-04,19579,27275,41641,52036,49409,46064,40111,47641,0,0,0,6,33,85,230,619,4300,0,NA,NA,NA,NA,NA,NA,27,29,40,74,68,61,48,56,0,0,0,0,2,1,0,9,NA,NA,NA,NA,NA,NA
"1:90",2021-03-03,19552,27246,41601,51962,49341,46003,40063,47585,0,0,0,6,33,83,229,619,4291,0,NA,NA,NA,NA,NA,NA,34,36,41,70,71,44,52,56,0,0,0,0,1,0,3,3,NA,NA,NA,NA,NA,NA
"1:91",2021-03-02,19518,27210,41560,51892,49270,45959,40011,47529,0,0,0,6,33,82,229,616,4288,0,NA,NA,NA,NA,NA,NA,13,31,40,67,66,58,64,101,0,0,0,0,0,0,1,3,NA,NA,NA,NA,NA,NA
"1:92",2021-03-01,19505,27179,41520,51825,49204,45901,39947,47428,0,0,0,6,33,82,229,615,4285,0,NA,NA,NA,NA,NA,NA,12,14,6,19,14,15,17,-3,0,0,0,0,0,0,3,4,NA,NA,NA,NA,NA,NA
"1:93",2021-02-28,19493,27165,41514,51806,49190,45886,39930,47431,0,0,0,6,33,82,229,612,4281,0,NA,NA,NA,NA,NA,NA,238,2,369,638,566,515,480,412,0,0,0,-5,-1,-9,-24,-135,NA,NA,NA,NA,NA,NA
"1:94",2021-02-27,19255,27163,41145,51168,48624,45371,39450,47019,0,0,0,6,38,83,238,636,4416,0,NA,NA,NA,NA,NA,NA,27,26,75,94,119,70,64,82,0,0,0,0,0,1,1,8,NA,NA,NA,NA,NA,NA
"1:95",2021-02-26,19228,27137,41070,51074,48505,45301,39386,46937,0,0,0,6,38,83,237,635,4408,0,NA,NA,NA,NA,NA,NA,36,33,76,67,79,90,55,80,0,0,0,0,0,0,2,8,NA,NA,NA,NA,NA,NA
"1:96",2021-02-25,19192,27104,40994,51007,48426,45211,39331,46857,0,0,0,6,38,83,237,633,4400,0,NA,NA,NA,NA,NA,NA,43,42,91,105,108,101,120,116,0,0,0,0,0,1,3,6,NA,NA,NA,NA,NA,NA
"1:97",2021-02-24,19149,27062,40903,50902,48318,45110,39211,46741,0,0,0,6,38,83,236,630,4394,0,NA,NA,NA,NA,NA,NA,70,86,74,136,103,126,99,109,0,0,0,0,0,2,1,7,NA,NA,NA,NA,NA,NA
"1:98",2021-02-23,19079,26976,40829,50766,48215,44984,39112,46632,0,0,0,6,38,83,234,629,4387,0,NA,NA,NA,NA,NA,NA,66,69,85,134,156,110,106,108,0,0,0,0,0,1,4,9,NA,NA,NA,NA,NA,NA
"1:99",2021-02-22,19013,26907,40744,50632,48059,44874,39006,46524,0,0,0,6,38,83,233,625,4378,0,NA,NA,NA,NA,NA,NA,8,15,24,45,32,41,35,45,0,0,0,0,0,0,0,6,NA,NA,NA,NA,NA,NA
"1:100",2021-02-21,19005,26892,40720,50587,48027,44833,38971,46479,0,0,0,6,38,83,233,625,4372,0,NA,NA,NA,NA,NA,NA,17,30,30,43,61,40,32,31,0,0,0,0,0,0,1,8,NA,NA,NA,NA,NA,NA
"1:101",2021-02-20,18988,26862,40690,50544,47966,44793,38939,46448,0,0,0,6,38,83,233,624,4364,0,NA,NA,NA,NA,NA,NA,40,29,62,79,82,81,70,74,0,0,0,0,0,2,1,9,NA,NA,NA,NA,NA,NA
"1:102",2021-02-19,18948,26833,40628,50465,47884,44712,38869,46374,0,0,0,6,38,83,231,623,4355,0,NA,NA,NA,NA,NA,NA,19,12,43,42,47,27,34,44,0,0,0,0,0,2,1,10,NA,NA,NA,NA,NA,NA
"1:103",2021-02-18,18929,26821,40585,50423,47837,44685,38835,46330,0,0,0,6,38,83,229,622,4345,0,NA,NA,NA,NA,NA,NA,17,11,34,34,47,25,38,47,0,0,0,0,0,0,1,9,NA,NA,NA,NA,NA,NA
"1:104",2021-02-17,18912,26810,40551,50389,47790,44660,38797,46283,0,0,0,6,38,83,229,621,4336,0,NA,NA,NA,NA,NA,NA,33,65,70,108,91,101,104,95,0,0,0,0,0,1,7,18,NA,NA,NA,NA,NA,NA
"1:105",2021-02-16,18879,26745,40481,50281,47699,44559,38693,46188,0,0,0,6,38,83,228,614,4318,0,NA,NA,NA,NA,NA,NA,13,15,15,22,19,28,35,30,0,0,0,0,0,1,1,10,NA,NA,NA,NA,NA,NA
"1:106",2021-02-15,18866,26730,40466,50259,47680,44531,38658,46158,0,0,0,6,38,83,227,613,4308,0,NA,NA,NA,NA,NA,NA,21,19,41,53,70,31,49,36,0,0,0,0,0,0,0,10,NA,NA,NA,NA,NA,NA
"1:107",2021-02-14,18845,26711,40425,50206,47610,44500,38609,46122,0,0,0,6,38,83,227,613,4298,0,NA,NA,NA,NA,NA,NA,29,44,58,80,70,63,58,64,0,0,0,0,0,0,4,9,NA,NA,NA,NA,NA,NA
"1:108",2021-02-13,18816,26667,40367,50126,47540,44437,38551,46058,0,0,0,6,38,83,227,609,4289,0,NA,NA,NA,NA,NA,NA,52,106,116,163,131,130,124,132,0,0,0,0,2,0,3,35,NA,NA,NA,NA,NA,NA
"1:109",2021-02-12,18764,26561,40251,49963,47409,44307,38427,45926,0,0,0,6,38,81,227,606,4254,0,NA,NA,NA,NA,NA,NA,17,60,87,99,86,82,74,60,0,0,0,0,0,0,1,12,NA,NA,NA,NA,NA,NA
"1:110",2021-02-11,18747,26501,40164,49864,47323,44225,38353,45866,0,0,0,6,38,81,227,605,4242,0,NA,NA,NA,NA,NA,NA,104,125,130,183,153,162,117,129,0,0,0,0,1,2,2,20,NA,NA,NA,NA,NA,NA
"1:111",2021-02-10,18643,26376,40034,49681,47170,44063,38236,45737,0,0,0,6,38,80,225,603,4222,0,NA,NA,NA,NA,NA,NA,88,111,98,168,168,158,133,168,0,0,0,0,1,1,3,21,NA,NA,NA,NA,NA,NA
"1:112",2021-02-09,18555,26265,39936,49513,47002,43905,38103,45569,0,0,0,6,38,79,224,600,4201,0,NA,NA,NA,NA,NA,NA,120,155,168,232,214,206,168,212,0,0,0,1,1,2,3,35,NA,NA,NA,NA,NA,NA
"1:113",2021-02-08,18435,26110,39768,49281,46788,43699,37935,45357,0,0,0,6,37,78,222,597,4166,0,NA,NA,NA,NA,NA,NA,44,48,80,93,102,91,97,82,0,0,0,0,2,2,4,22,NA,NA,NA,NA,NA,NA
"1:114",2021-02-07,18391,26062,39688,49188,46686,43608,37838,45275,0,0,0,6,37,76,220,593,4144,0,NA,NA,NA,NA,NA,NA,54,61,78,92,100,82,87,118,0,0,0,0,0,2,3,10,NA,NA,NA,NA,NA,NA
"1:115",2021-02-06,18337,26001,39610,49096,46586,43526,37751,45157,0,0,0,6,37,76,218,590,4134,0,NA,NA,NA,NA,NA,NA,130,154,162,182,185,176,160,192,0,0,0,0,0,0,2,9,NA,NA,NA,NA,NA,NA
"1:116",2021-02-05,18207,25847,39448,48914,46401,43350,37591,44965,0,0,0,6,37,76,218,588,4125,0,NA,NA,NA,NA,NA,NA,139,269,175,236,258,242,246,259,0,0,0,0,0,0,4,37,NA,NA,NA,NA,NA,NA
"1:117",2021-02-04,18068,25578,39273,48678,46143,43108,37345,44706,0,0,0,6,37,76,218,584,4088,0,NA,NA,NA,NA,NA,NA,173,221,262,361,381,357,360,354,0,0,0,1,0,1,3,19,NA,NA,NA,NA,NA,NA
"1:118",2021-02-03,17895,25357,39011,48317,45762,42751,36985,44352,0,0,0,6,36,76,217,581,4069,0,NA,NA,NA,NA,NA,NA,170,251,294,351,331,367,301,361,0,0,0,0,1,2,8,35,NA,NA,NA,NA,NA,NA
"1:119",2021-02-02,17725,25106,38717,47966,45431,42384,36684,43991,0,0,0,6,36,75,215,573,4034,0,NA,NA,NA,NA,NA,NA,107,159,144,211,253,212,196,228,0,0,0,1,1,3,5,34,NA,NA,NA,NA,NA,NA
"1:120",2021-02-01,17618,24947,38573,47755,45178,42172,36488,43763,0,0,0,6,35,74,212,568,4000,0,NA,NA,NA,NA,NA,NA,70,110,124,211,171,181,172,187,0,0,0,0,0,0,1,26,NA,NA,NA,NA,NA,NA
"1:121",2021-01-31,17548,24837,38449,47544,45007,41991,36316,43576,0,0,0,6,35,74,212,567,3974,0,NA,NA,NA,NA,NA,NA,81,119,111,130,121,100,79,140,0,0,0,0,1,0,7,22,NA,NA,NA,NA,NA,NA
"1:122",2021-01-30,17467,24718,38338,47414,44886,41891,36237,43436,0,0,0,6,35,73,212,560,3952,0,NA,NA,NA,NA,NA,NA,132,184,182,269,261,242,251,303,0,0,0,0,0,0,0,7,NA,NA,NA,NA,NA,NA
"1:123",2021-01-29,17335,24534,38156,47145,44625,41649,35986,43133,0,0,0,6,35,73,212,560,3945,0,NA,NA,NA,NA,NA,NA,137,254,200,235,241,222,196,222,0,0,0,0,0,2,6,39,NA,NA,NA,NA,NA,NA
"1:124",2021-01-28,17198,24280,37956,46910,44384,41427,35790,42911,0,0,0,6,35,73,210,554,3906,0,NA,NA,NA,NA,NA,NA,150,250,220,325,271,216,242,218,0,0,0,0,1,0,6,35,NA,NA,NA,NA,NA,NA
"1:125",2021-01-27,17048,24030,37736,46585,44113,41211,35548,42693,0,0,0,6,35,72,210,548,3871,0,NA,NA,NA,NA,NA,NA,124,243,185,275,248,257,210,235,0,0,1,0,0,2,5,44,NA,NA,NA,NA,NA,NA
"1:126",2021-01-26,16924,23787,37551,46310,43865,40954,35338,42458,0,0,0,5,35,72,208,543,3827,0,NA,NA,NA,NA,NA,NA,193,329,285,313,371,361,294,339,0,0,0,1,0,2,5,32,NA,NA,NA,NA,NA,NA
"1:127",2021-01-25,16731,23458,37266,45997,43494,40593,35044,42119,0,0,0,5,34,72,206,538,3795,0,NA,NA,NA,NA,NA,NA,51,53,63,103,95,84,72,115,0,0,0,0,0,0,4,40,NA,NA,NA,NA,NA,NA
"1:128",2021-01-24,16680,23405,37203,45894,43399,40509,34972,42004,0,0,0,5,34,72,206,534,3755,0,NA,NA,NA,NA,NA,NA,97,164,102,133,137,163,123,152,0,0,0,0,0,2,2,39,NA,NA,NA,NA,NA,NA
"1:129",2021-01-23,16583,23241,37101,45761,43262,40346,34849,41852,0,0,0,5,34,72,204,532,3716,0,NA,NA,NA,NA,NA,NA,117,165,213,253,241,206,202,216,0,0,0,0,0,2,1,11,NA,NA,NA,NA,NA,NA
"1:130",2021-01-22,16466,23076,36888,45508,43021,40140,34647,41636,0,0,0,5,34,72,202,531,3705,0,NA,NA,NA,NA,NA,NA,166,261,241,295,284,280,275,360,0,0,0,1,0,0,7,45,NA,NA,NA,NA,NA,NA
"1:131",2021-01-21,16300,22815,36647,45213,42737,39860,34372,41276,0,0,0,5,33,72,202,524,3660,0,NA,NA,NA,NA,NA,NA,235,323,361,466,447,448,401,425,NA,NA,0,0,0,1,11,43,NA,NA,NA,NA,NA,NA
"1:132",2021-01-20,16065,22492,36286,44747,42290,39412,33971,40851,NA,NA,NA,5,33,72,201,513,3617,NA,NA,NA,NA,NA,NA,NA,122,264,282,391,381,373,372,335,NA,NA,0,0,0,1,9,45,NA,NA,NA,NA,NA,NA
"1:133",2021-01-19,15943,22228,36004,44356,41909,39039,33599,40516,0,0,0,5,33,72,200,504,3572,0,NA,NA,NA,NA,NA,NA,40,107,173,204,215,215,182,195,0,0,0,1,0,2,9,31,NA,NA,NA,NA,NA,NA
"1:134",2021-01-18,15903,22121,35831,44152,41694,38824,33417,40321,0,0,0,5,32,72,198,495,3541,0,NA,NA,NA,NA,NA,NA,176,85,115,154,191,130,114,144,0,0,0,0,0,0,3,29,NA,NA,NA,NA,NA,NA
"1:135",2021-01-17,15727,22036,35716,43998,41503,38694,33303,40177,0,0,0,5,32,72,198,492,3512,0,NA,NA,NA,NA,NA,NA,74,97,127,147,149,126,118,138,0,0,0,0,0,2,0,16,NA,NA,NA,NA,NA,NA
"1:136",2021-01-16,15653,21939,35589,43851,41354,38568,33185,40039,0,0,0,5,32,72,196,492,3496,0,NA,NA,NA,NA,NA,NA,165,281,330,392,372,357,305,341,0,0,0,0,0,0,4,26,NA,NA,NA,NA,NA,NA
"1:137",2021-01-15,15488,21658,35259,43459,40982,38211,32880,39698,0,0,0,5,32,72,196,488,3470,0,NA,NA,NA,NA,NA,NA,231,339,344,467,456,459,398,430,0,0,0,0,0,3,6,26,NA,NA,NA,NA,NA,NA
"1:138",2021-01-14,15257,21319,34915,42992,40526,37752,32482,39268,0,0,0,5,32,72,193,482,3444,0,NA,NA,NA,NA,NA,NA,168,258,303,385,332,402,303,340,0,0,0,0,1,3,2,36,NA,NA,NA,NA,NA,NA
"1:139",2021-01-13,15089,21061,34612,42607,40194,37350,32179,38928,0,0,0,5,32,71,190,480,3408,0,NA,NA,NA,NA,NA,NA,151,275,294,383,350,324,295,395,0,0,0,0,1,2,8,54,NA,NA,NA,NA,NA,NA
"1:140",2021-01-12,14938,20786,34318,42224,39844,37026,31884,38533,0,0,0,5,32,70,188,472,3354,0,NA,NA,NA,NA,NA,NA,207,299,402,513,449,453,420,466,0,0,0,0,0,2,6,32,NA,NA,NA,NA,NA,NA
"1:141",2021-01-11,14731,20487,33916,41711,39395,36573,31464,38067,0,0,0,5,32,70,186,466,3322,0,NA,NA,NA,NA,NA,NA,51,110,183,209,194,162,178,181,0,0,0,0,1,0,6,31,NA,NA,NA,NA,NA,NA
"1:142",2021-01-10,14680,20377,33733,41502,39201,36411,31286,37886,0,0,0,5,32,69,186,460,3291,0,NA,NA,NA,NA,NA,NA,197,200,413,521,503,506,449,541,0,0,0,0,0,0,1,32,NA,NA,NA,NA,NA,NA
"1:143",2021-01-09,14483,20177,33320,40981,38698,35905,30837,37345,0,0,0,5,32,69,186,459,3259,0,NA,NA,NA,NA,NA,NA,197,297,397,475,389,397,321,413,0,0,0,0,0,4,6,34,NA,NA,NA,NA,NA,NA
"1:144",2021-01-08,14286,19880,32923,40506,38309,35508,30516,36932,0,0,0,5,32,69,182,453,3225,0,NA,NA,NA,NA,NA,NA,298,241,380,454,407,371,367,426,0,0,0,0,0,1,3,36,NA,NA,NA,NA,NA,NA
"1:145",2021-01-07,13988,19639,32543,40052,37902,35137,30149,36506,0,0,0,5,32,69,181,450,3189,0,NA,NA,NA,NA,NA,NA,227,389,436,490,492,420,420,449,0,0,0,0,0,0,3,22,NA,NA,NA,NA,NA,NA
"1:146",2021-01-06,13761,19250,32107,39562,37410,34717,29729,36057,0,0,0,5,32,69,181,447,3167,0,NA,NA,NA,NA,NA,NA,250,359,492,613,552,472,444,523,0,0,0,1,1,1,5,57,NA,NA,NA,NA,NA,NA
"1:147",2021-01-05,13511,18891,31615,38949,36858,34245,29285,35534,0,0,0,5,31,68,180,442,3110,0,NA,NA,NA,NA,NA,NA,221,369,491,658,654,615,536,563,0,0,0,0,1,-1,2,34,NA,NA,NA,NA,NA,NA
"1:148",2021-01-04,13290,18522,31124,38291,36204,33630,28749,34971,0,0,0,5,31,67,181,440,3076,0,NA,NA,NA,NA,NA,NA,65,87,173,213,208,178,171,211,0,0,0,0,0,6,6,39,NA,NA,NA,NA,NA,NA
"1:149",2021-01-03,13225,18435,30951,38078,35996,33452,28578,34760,0,0,0,5,31,67,175,434,3037,0,NA,NA,NA,NA,NA,NA,95,139,234,324,333,288,304,316,0,0,0,0,0,0,4,16,NA,NA,NA,NA,NA,NA
"1:150",2021-01-02,13130,18296,30717,37754,35663,33164,28274,34444,0,0,0,5,31,67,175,430,3021,0,NA,NA,NA,NA,NA,NA,122,139,279,362,287,283,233,295,0,0,0,0,0,0,0,18,NA,NA,NA,NA,NA,NA
"1:151",2021-01-01,13008,18157,30438,37392,35376,32881,28041,34149,0,0,0,5,31,67,175,430,3003,0,NA,NA,NA,NA,NA,NA,205,288,548,702,670,625,563,703,0,0,0,0,0,0,5,30,NA,NA,NA,NA,NA,NA
"1:152",2020-12-31,12803,17869,29890,36690,34706,32256,27478,33446,0,0,0,5,31,67,175,425,2973,0,NA,NA,NA,NA,NA,NA,110,204,340,451,404,392,347,460,0,0,0,1,0,1,5,32,NA,NA,NA,NA,NA,NA
"1:153",2020-12-30,12693,17665,29550,36239,34302,31864,27131,32986,0,0,0,5,30,67,174,420,2941,0,NA,NA,NA,NA,NA,NA,134,208,410,491,550,459,403,529,0,0,0,1,1,0,4,28,NA,NA,NA,NA,NA,NA
"1:154",2020-12-29,12559,17457,29140,35748,33752,31405,26728,32457,0,0,0,5,29,66,174,416,2913,0,NA,NA,NA,NA,NA,NA,103,176,321,424,438,430,379,447,0,0,0,0,1,5,6,54,NA,NA,NA,NA,NA,NA
"1:155",2020-12-28,12456,17281,28819,35324,33314,30975,26349,32010,0,0,0,5,29,65,169,410,2859,0,NA,NA,NA,NA,NA,NA,154,108,166,250,268,247,193,265,0,0,0,0,0,0,2,53,NA,NA,NA,NA,NA,NA
"1:156",2020-12-27,12302,17173,28653,35074,33046,30728,26156,31745,0,0,0,5,29,65,169,408,2806,0,NA,NA,NA,NA,NA,NA,48,53,81,133,160,128,124,181,0,0,1,0,1,1,4,34,NA,NA,NA,NA,NA,NA
"1:157",2020-12-26,12254,17120,28572,34941,32886,30600,26032,31564,0,0,0,4,29,64,168,404,2772,0,NA,NA,NA,NA,NA,NA,30,36,71,117,122,110,88,128,0,0,0,0,0,1,0,2,NA,NA,NA,NA,NA,NA
"1:158",2020-12-25,12224,17084,28501,34824,32764,30490,25944,31436,0,0,0,4,29,64,167,404,2770,0,NA,NA,NA,NA,NA,NA,116,186,241,342,302,318,307,310,0,0,0,0,1,0,2,29,NA,NA,NA,NA,NA,NA
"1:159",2020-12-24,12108,16898,28260,34482,32462,30172,25637,31126,0,0,0,4,29,63,167,402,2741,0,NA,NA,NA,NA,NA,NA,152,245,350,519,490,480,475,493,0,0,0,0,0,2,1,27,NA,NA,NA,NA,NA,NA
"1:160",2020-12-23,11956,16653,27910,33963,31972,29692,25162,30633,0,0,0,4,29,63,165,401,2714,0,NA,NA,NA,NA,NA,NA,162,222,318,470,507,428,363,423,0,0,0,0,0,2,4,32,NA,NA,NA,NA,NA,NA
"1:161",2020-12-22,11794,16431,27592,33493,31465,29264,24799,30210,0,0,0,4,29,63,163,397,2682,0,NA,NA,NA,NA,NA,NA,108,136,167,310,329,313,244,334,0,0,0,0,1,2,4,36,NA,NA,NA,NA,NA,NA
"1:162",2020-12-21,11686,16295,27425,33183,31136,28951,24555,29876,0,0,0,4,29,62,161,393,2646,0,NA,NA,NA,NA,NA,NA,85,128,169,243,221,174,179,258,0,0,0,0,3,3,7,45,NA,NA,NA,NA,NA,NA
"1:163",2020-12-20,11601,16167,27256,32940,30915,28777,24376,29618,0,0,0,4,29,59,158,386,2601,0,NA,NA,NA,NA,NA,NA,109,135,193,216,237,195,197,254,0,0,0,1,1,0,4,40,NA,NA,NA,NA,NA,NA
"1:164",2020-12-19,11492,16032,27063,32724,30678,28582,24179,29364,0,0,0,4,28,58,158,382,2561,0,NA,NA,NA,NA,NA,NA,188,265,273,413,458,383,341,372,0,0,0,-1,0,1,4,48,NA,NA,NA,NA,NA,NA
"1:165",2020-12-18,11304,15767,26790,32311,30220,28199,23838,28992,0,0,0,4,29,58,157,378,2513,0,NA,NA,NA,NA,NA,NA,180,253,318,457,494,416,379,381,0,0,0,0,0,2,0,25,NA,NA,NA,NA,NA,NA
"1:166",2020-12-17,11124,15514,26472,31854,29726,27783,23459,28611,0,0,0,4,29,58,155,378,2488,0,NA,NA,NA,NA,NA,NA,192,284,345,472,454,429,407,456,0,0,0,0,1,2,2,33,NA,NA,NA,NA,NA,NA
"1:167",2020-12-16,10932,15230,26127,31382,29272,27354,23052,28155,0,0,0,4,29,57,153,376,2455,0,NA,NA,NA,NA,NA,NA,138,249,239,344,385,341,301,309,0,0,0,0,2,4,7,45,NA,NA,NA,NA,NA,NA
"1:168",2020-12-15,10794,14981,25888,31038,28887,27013,22751,27846,0,0,0,4,29,55,149,369,2410,0,NA,NA,NA,NA,NA,NA,139,164,210,328,365,337,296,302,0,0,0,1,0,1,3,21,NA,NA,NA,NA,NA,NA
"1:169",2020-12-14,10655,14817,25678,30710,28522,26676,22455,27544,0,0,0,4,28,55,148,366,2389,0,NA,NA,NA,NA,NA,NA,99,111,129,216,217,200,171,212,0,0,0,0,1,2,7,35,NA,NA,NA,NA,NA,NA
"1:170",2020-12-13,10556,14706,25549,30494,28305,26476,22284,27332,0,0,0,4,28,54,146,359,2354,0,NA,NA,NA,NA,NA,NA,87,137,160,209,217,195,198,247,0,0,0,0,0,3,3,28,NA,NA,NA,NA,NA,NA
"1:171",2020-12-12,10469,14569,25389,30285,28088,26281,22086,27085,0,0,0,4,28,54,143,356,2326,0,NA,NA,NA,NA,NA,NA,178,280,286,426,390,344,301,423,0,0,0,0,0,1,5,30,NA,NA,NA,NA,NA,NA
"1:172",2020-12-11,10291,14289,25103,29859,27698,25937,21785,26662,0,0,0,4,28,54,142,351,2296,0,NA,NA,NA,NA,NA,NA,155,230,345,475,396,376,349,444,0,0,0,0,0,1,5,49,NA,NA,NA,NA,NA,NA
"1:173",2020-12-10,10136,14059,24758,29384,27302,25561,21436,26218,0,0,0,4,28,54,141,346,2247,0,NA,NA,NA,NA,NA,NA,47,172,275,402,379,323,273,331,0,0,0,0,0,1,3,30,NA,NA,NA,NA,NA,NA
"1:174",2020-12-09,10089,13887,24483,28982,26923,25238,21163,25887,0,0,0,4,28,54,140,343,2217,0,NA,NA,NA,NA,NA,NA,120,274,265,336,357,329,302,344,0,0,0,0,0,0,4,30,NA,NA,NA,NA,NA,NA
"1:175",2020-12-08,9969,13613,24218,28646,26566,24909,20861,25543,0,0,0,4,28,54,140,339,2187,0,NA,NA,NA,NA,NA,NA,193,198,241,339,303,332,302,375,0,0,0,0,1,1,4,33,NA,NA,NA,NA,NA,NA
"1:176",2020-12-07,9776,13415,23977,28307,26263,24577,20559,25168,0,0,0,4,28,53,139,335,2154,0,NA,NA,NA,NA,NA,NA,64,108,132,175,194,163,128,154,0,0,0,0,0,1,7,45,NA,NA,NA,NA,NA,NA
"1:177",2020-12-06,9712,13307,23845,28132,26069,24414,20431,25014,0,0,0,4,28,53,138,328,2109,0,NA,NA,NA,NA,NA,NA,95,138,189,253,238,209,179,241,0,0,0,0,2,0,4,34,NA,NA,NA,NA,NA,NA
"1:178",2020-12-05,9617,13169,23656,27879,25831,24205,20252,24773,0,0,0,4,28,51,138,324,2075,0,NA,NA,NA,NA,NA,NA,162,231,271,369,326,290,267,329,0,0,0,0,0,2,2,30,NA,NA,NA,NA,NA,NA
"1:179",2020-12-04,9455,12938,23385,27510,25505,23915,19985,24444,0,0,0,4,28,51,136,322,2045,0,NA,NA,NA,NA,NA,NA,178,257,350,477,418,380,351,416,0,0,0,1,0,0,3,27,NA,NA,NA,NA,NA,NA
"1:180",2020-12-03,9277,12681,23035,27033,25087,23535,19634,24028,0,0,0,4,27,51,136,319,2018,0,NA,NA,NA,NA,NA,NA,177,280,317,430,429,400,306,450,0,0,0,0,1,2,3,27,NA,NA,NA,NA,NA,NA
"1:181",2020-12-02,9100,12401,22718,26603,24658,23135,19328,23578,0,0,0,4,27,50,134,316,1991,0,NA,NA,NA,NA,NA,NA,122,229,266,314,333,308,274,366,0,0,0,1,0,0,3,6,NA,NA,NA,NA,NA,NA
"1:182",2020-12-01,8978,12172,22452,26289,24325,22827,19054,23212,0,0,0,4,26,50,134,313,1985,0,NA,NA,NA,NA,NA,NA,113,169,233,306,284,285,236,324,0,0,0,0,0,0,0,10,NA,NA,NA,NA,NA,NA
"1:183",2020-11-30,8865,12003,22219,25983,24041,22542,18818,22888,0,0,0,4,26,50,134,313,1975,0,NA,NA,NA,NA,NA,NA,41,77,137,197,170,150,154,186,0,0,0,0,0,0,2,30,NA,NA,NA,NA,NA,NA
"1:184",2020-11-29,8824,11926,22082,25786,23871,22392,18664,22702,0,0,0,4,26,50,134,311,1945,0,NA,NA,NA,NA,NA,NA,36,93,126,223,194,171,172,206,0,0,0,1,-1,0,-2,23,NA,NA,NA,NA,NA,NA
"1:185",2020-11-28,8788,11833,21956,25563,23677,22221,18492,22496,0,0,0,4,25,51,134,313,1922,0,NA,NA,NA,NA,NA,NA,60,86,142,227,213,220,172,229,0,0,0,0,0,0,2,11,NA,NA,NA,NA,NA,NA
"1:186",2020-11-27,8728,11747,21814,25336,23464,22001,18320,22267,0,0,0,4,25,51,134,311,1911,0,NA,NA,NA,NA,NA,NA,43,77,111,188,139,156,154,184,0,0,0,0,0,0,0,0,NA,NA,NA,NA,NA,NA
"1:187",2020-11-26,8685,11670,21703,25148,23325,21845,18166,22083,0,0,0,4,25,51,134,311,1911,0,NA,NA,NA,NA,NA,NA,128,203,245,337,377,369,269,420,0,0,0,0,0,2,0,9,NA,NA,NA,NA,NA,NA
"1:188",2020-11-25,8557,11467,21458,24811,22948,21476,17897,21663,0,0,0,4,25,51,132,311,1902,0,NA,NA,NA,NA,NA,NA,92,163,255,329,274,287,283,282,0,0,0,0,0,2,1,17,NA,NA,NA,NA,NA,NA
"1:189",2020-11-24,8465,11304,21203,24482,22674,21189,17614,21381,0,0,0,4,25,51,130,310,1885,0,NA,NA,NA,NA,NA,NA,86,158,233,343,329,372,280,321,0,0,0,0,0,1,3,14,NA,NA,NA,NA,NA,NA
"1:190",2020-11-23,8379,11146,20970,24139,22345,20817,17334,21060,0,0,0,4,25,51,129,307,1871,0,NA,NA,NA,NA,NA,NA,74,83,103,154,157,139,152,155,0,0,0,0,0,1,3,26,NA,NA,NA,NA,NA,NA
"1:191",2020-11-22,8305,11063,20867,23985,22188,20678,17182,20905,0,0,0,4,25,51,128,304,1845,0,NA,NA,NA,NA,NA,NA,56,126,185,210,196,188,191,200,0,0,0,0,0,0,0,20,NA,NA,NA,NA,NA,NA
"1:192",2020-11-21,8249,10937,20682,23775,21992,20490,16991,20705,0,0,0,4,25,51,128,304,1825,0,NA,NA,NA,NA,NA,NA,124,171,216,292,248,270,245,339,0,0,0,0,0,0,2,14,NA,NA,NA,NA,NA,NA
"1:193",2020-11-20,8125,10766,20466,23483,21744,20220,16746,20366,0,0,0,4,25,51,128,302,1811,0,NA,NA,NA,NA,NA,NA,151,197,237,325,298,304,214,335,0,0,0,0,1,1,3,19,NA,NA,NA,NA,NA,NA
"1:194",2020-11-19,7974,10569,20229,23158,21446,19916,16532,20031,0,0,0,4,25,50,127,299,1792,0,NA,NA,NA,NA,NA,NA,141,221,275,308,386,316,282,309,0,0,0,0,0,2,1,19,NA,NA,NA,NA,NA,NA
"1:195",2020-11-18,7833,10348,19954,22850,21060,19600,16250,19722,0,0,0,4,25,50,125,298,1773,0,NA,NA,NA,NA,NA,NA,114,180,203,264,255,235,229,235,0,0,0,0,1,1,4,24,NA,NA,NA,NA,NA,NA
"1:196",2020-11-17,7719,10168,19751,22586,20805,19365,16021,19487,0,0,0,4,25,49,124,294,1749,0,NA,NA,NA,NA,NA,NA,83,150,189,227,217,234,192,262,0,0,0,0,1,1,0,18,NA,NA,NA,NA,NA,NA
"1:197",2020-11-16,7636,10018,19562,22359,20588,19131,15829,19225,0,0,0,4,25,48,123,294,1731,0,NA,NA,NA,NA,NA,NA,92,107,150,203,181,176,175,224,0,0,0,0,0,0,5,37,NA,NA,NA,NA,NA,NA
"1:198",2020-11-15,7544,9911,19412,22156,20407,18955,15654,19001,0,0,0,4,25,48,123,289,1694,0,NA,NA,NA,NA,NA,NA,61,103,87,134,111,129,108,141,0,0,0,0,0,1,1,22,NA,NA,NA,NA,NA,NA
"1:199",2020-11-14,7483,9808,19325,22022,20296,18826,15546,18860,0,0,0,4,25,48,122,288,1672,0,NA,NA,NA,NA,NA,NA,125,179,232,275,279,266,239,253,0,0,0,0,0,0,1,10,NA,NA,NA,NA,NA,NA
"1:200",2020-11-13,7358,9629,19093,21747,20017,18560,15307,18607,0,0,0,4,25,48,122,287,1662,0,NA,NA,NA,NA,NA,NA,117,217,263,368,360,338,289,360,0,0,0,0,0,0,0,4,NA,NA,NA,NA,NA,NA
"1:201",2020-11-12,7241,9412,18830,21379,19657,18222,15018,18247,0,0,0,4,25,48,122,287,1658,0,NA,NA,NA,NA,NA,NA,81,167,261,296,260,266,215,263,0,0,0,1,0,2,3,12,NA,NA,NA,NA,NA,NA
"1:202",2020-11-11,7160,9245,18569,21083,19397,17956,14803,17984,0,0,0,4,24,48,120,284,1646,0,NA,NA,NA,NA,NA,NA,108,218,255,287,271,265,209,349,0,0,0,0,0,1,2,11,NA,NA,NA,NA,NA,NA
"1:203",2020-11-10,7052,9027,18314,20796,19126,17691,14594,17635,0,0,0,4,24,48,119,282,1635,0,NA,NA,NA,NA,NA,NA,47,153,180,213,224,216,176,215,0,0,0,0,0,0,0,4,NA,NA,NA,NA,NA,NA
"1:204",2020-11-09,7005,8874,18134,20583,18902,17475,14418,17420,0,0,0,4,24,48,119,282,1631,0,NA,NA,NA,NA,NA,NA,36,86,121,164,151,134,126,127,0,0,0,0,1,1,1,20,NA,NA,NA,NA,NA,NA
"1:205",2020-11-08,6969,8788,18013,20419,18751,17341,14292,17293,0,0,0,4,24,47,118,281,1611,0,NA,NA,NA,NA,NA,NA,48,89,153,163,180,141,111,153,0,0,0,0,0,2,0,15,NA,NA,NA,NA,NA,NA
"1:206",2020-11-07,6921,8699,17860,20256,18571,17200,14181,17140,0,0,0,4,24,47,116,281,1596,0,NA,NA,NA,NA,NA,NA,94,160,201,240,244,217,198,244,0,0,0,0,0,0,1,11,NA,NA,NA,NA,NA,NA
"1:207",2020-11-06,6827,8539,17659,20016,18327,16983,13983,16896,0,0,0,4,24,47,116,280,1585,0,NA,NA,NA,NA,NA,NA,33,157,225,284,290,281,251,349,0,0,0,0,0,0,2,17,NA,NA,NA,NA,NA,NA
"1:208",2020-11-05,6794,8382,17434,19732,18037,16702,13732,16547,0,0,0,4,24,47,116,278,1568,0,NA,NA,NA,NA,NA,NA,142,128,193,209,195,207,188,286,0,0,0,0,0,0,2,9,NA,NA,NA,NA,NA,NA
"1:209",2020-11-04,6652,8254,17241,19523,17842,16495,13544,16261,0,0,0,4,24,47,116,276,1559,0,NA,NA,NA,NA,NA,NA,148,116,169,189,161,177,145,188,0,0,0,0,0,2,2,19,NA,NA,NA,NA,NA,NA
"1:210",2020-11-03,6504,8138,17072,19334,17681,16318,13399,16073,0,0,0,4,24,47,114,274,1540,0,NA,NA,NA,NA,NA,NA,16,86,84,142,100,140,130,180,0,0,0,0,0,0,3,15,NA,NA,NA,NA,NA,NA
"1:211",2020-11-02,6488,8052,16988,19192,17581,16178,13269,15893,0,0,0,4,24,47,114,271,1525,0,NA,NA,NA,NA,NA,NA,35,53,58,112,81,85,65,95,0,0,0,0,0,1,2,24,NA,NA,NA,NA,NA,NA
"1:212",2020-11-01,6453,7999,16930,19080,17500,16093,13204,15798,0,0,0,4,24,47,113,269,1501,0,NA,NA,NA,NA,NA,NA,70,52,79,136,112,125,116,177,0,0,0,0,0,0,4,29,NA,NA,NA,NA,NA,NA
"1:213",2020-10-31,6383,7947,16851,18944,17388,15968,13088,15621,0,0,0,4,24,47,113,265,1472,0,NA,NA,NA,NA,NA,NA,75,91,138,177,186,188,180,281,0,0,0,1,1,2,2,19,NA,NA,NA,NA,NA,NA
"1:214",2020-10-30,6308,7856,16713,18767,17202,15780,12908,15340,0,0,0,4,23,46,111,263,1453,0,NA,NA,NA,NA,NA,NA,83,85,143,191,173,175,132,180,0,0,0,0,0,-1,2,5,NA,NA,NA,NA,NA,NA
"1:215",2020-10-29,6225,7771,16570,18576,17029,15605,12776,15160,0,0,0,4,23,46,112,261,1448,0,NA,NA,NA,NA,NA,NA,51,76,117,155,139,161,134,239,0,0,0,0,0,1,1,17,NA,NA,NA,NA,NA,NA
"1:216",2020-10-28,6174,7695,16453,18421,16890,15444,12642,14921,0,0,0,4,23,46,111,260,1431,0,NA,NA,NA,NA,NA,NA,30,71,108,162,134,137,129,190,0,0,0,0,0,0,1,17,NA,NA,NA,NA,NA,NA
"1:217",2020-10-27,6144,7624,16345,18259,16756,15307,12513,14731,0,0,0,4,23,46,111,259,1414,0,NA,NA,NA,NA,NA,NA,46,50,107,167,135,128,138,181,0,0,0,0,0,2,-1,23,NA,NA,NA,NA,NA,NA
"1:218",2020-10-26,6098,7574,16238,18092,16621,15179,12375,14550,0,0,0,4,23,46,109,260,1391,0,NA,NA,NA,NA,NA,NA,47,42,75,86,97,87,72,106,0,0,0,0,0,0,2,19,NA,NA,NA,NA,NA,NA
"1:219",2020-10-25,6051,7532,16163,18006,16524,15092,12303,14444,0,0,0,4,23,46,109,258,1372,0,NA,NA,NA,NA,NA,NA,40,53,75,128,115,117,122,147,0,0,0,0,0,0,1,14,NA,NA,NA,NA,NA,NA
"1:220",2020-10-24,6011,7479,16088,17878,16409,14975,12181,14297,0,0,0,4,23,46,109,257,1358,0,NA,NA,NA,NA,NA,NA,72,97,138,188,151,158,160,219,0,0,0,0,0,0,1,14,NA,NA,NA,NA,NA,NA
"1:221",2020-10-23,5939,7382,15950,17690,16258,14817,12021,14078,0,0,0,4,23,46,109,256,1344,0,NA,NA,NA,NA,NA,NA,72,96,165,201,177,188,161,277,0,0,0,0,0,1,1,8,NA,NA,NA,NA,NA,NA
"1:222",2020-10-22,5867,7286,15785,17489,16081,14629,11860,13801,0,0,0,4,23,46,108,255,1336,0,NA,NA,NA,NA,NA,NA,65,90,148,232,172,151,150,194,0,0,1,0,1,0,5,14,NA,NA,NA,NA,NA,NA
"1:223",2020-10-21,5802,7196,15637,17257,15909,14478,11710,13607,0,0,0,3,23,45,108,250,1322,0,NA,NA,NA,NA,NA,NA,43,99,136,168,161,183,150,215,0,0,0,0,0,1,4,18,NA,NA,NA,NA,NA,NA
"1:224",2020-10-20,5759,7097,15501,17089,15748,14295,11560,13392,0,0,0,3,23,45,107,246,1304,0,NA,NA,NA,NA,NA,NA,39,64,84,142,149,124,87,155,0,0,0,0,1,0,2,11,NA,NA,NA,NA,NA,NA
"1:225",2020-10-19,5720,7033,15417,16947,15599,14171,11473,13237,0,0,0,3,23,44,107,244,1293,0,NA,NA,NA,NA,NA,NA,21,37,68,90,85,88,69,73,0,0,0,0,1,1,0,8,NA,NA,NA,NA,NA,NA
"1:226",2020-10-18,5699,6996,15349,16857,15514,14083,11404,13164,0,0,0,3,23,43,106,244,1285,0,NA,NA,NA,NA,NA,NA,35,50,72,94,90,84,97,122,0,0,0,0,0,2,1,17,NA,NA,NA,NA,NA,NA
"1:227",2020-10-17,5664,6946,15277,16763,15424,13999,11307,13042,0,0,0,3,23,43,104,243,1268,0,NA,NA,NA,NA,NA,NA,63,74,131,117,131,121,107,139,0,0,0,0,1,1,3,14,NA,NA,NA,NA,NA,NA
"1:228",2020-10-16,5601,6872,15146,16646,15293,13878,11200,12903,0,0,0,3,23,42,103,240,1254,0,NA,NA,NA,NA,NA,NA,38,95,118,168,160,149,134,153,0,0,0,0,0,0,1,19,NA,NA,NA,NA,NA,NA
"1:229",2020-10-15,5563,6777,15028,16478,15133,13729,11066,12750,0,0,0,3,23,42,103,239,1235,0,NA,NA,NA,NA,NA,NA,48,79,168,214,188,164,157,260,0,0,0,0,0,0,2,9,NA,NA,NA,NA,NA,NA
"1:230",2020-10-14,5515,6698,14860,16264,14945,13565,10909,12490,0,0,0,3,23,42,103,237,1226,0,NA,NA,NA,NA,NA,NA,-21,90,130,204,171,158,151,196,0,0,0,1,0,0,3,19,NA,NA,NA,NA,NA,NA
"1:231",2020-10-13,5536,6608,14730,16060,14774,13407,10758,12294,0,0,0,3,22,42,103,234,1207,0,NA,NA,NA,NA,NA,NA,94,43,98,89,108,105,53,90,0,0,0,0,0,3,5,17,NA,NA,NA,NA,NA,NA
"1:232",2020-10-12,5442,6565,14632,15971,14666,13302,10705,12204,0,0,0,3,22,42,100,229,1190,0,NA,NA,NA,NA,NA,NA,34,36,74,105,108,93,86,118,0,0,0,0,0,2,2,13,NA,NA,NA,NA,NA,NA
"1:233",2020-10-11,5408,6529,14558,15866,14558,13209,10619,12086,0,0,0,3,22,42,98,227,1177,0,NA,NA,NA,NA,NA,NA,35,42,88,109,99,82,70,88,0,0,0,0,1,1,4,11,NA,NA,NA,NA,NA,NA
"1:234",2020-10-10,5373,6487,14470,15757,14459,13127,10549,11998,0,0,0,3,22,41,97,223,1166,0,NA,NA,NA,NA,NA,NA,74,74,104,136,126,135,107,152,0,0,0,0,1,1,2,18,NA,NA,NA,NA,NA,NA
"1:235",2020-10-09,5299,6413,14366,15621,14333,12992,10442,11846,0,0,0,3,22,40,96,221,1148,0,NA,NA,NA,NA,NA,NA,72,87,169,193,153,143,173,177,0,0,0,0,1,0,3,23,NA,NA,NA,NA,NA,NA
"1:236",2020-10-08,5227,6326,14197,15428,14180,12849,10269,11669,0,0,0,3,22,39,96,218,1125,0,NA,NA,NA,NA,NA,NA,54,92,134,165,149,192,146,333,0,0,0,0,0,0,0,21,NA,NA,NA,NA,NA,NA
"1:237",2020-10-07,5173,6234,14063,15263,14031,12657,10123,11336,0,0,0,3,22,39,96,218,1104,0,NA,NA,NA,NA,NA,NA,45,66,118,103,120,108,110,139,0,0,1,0,0,2,0,10,NA,NA,NA,NA,NA,NA
"1:238",2020-10-06,5128,6168,13945,15160,13911,12549,10013,11197,0,0,0,2,22,39,94,218,1094,0,NA,NA,NA,NA,NA,NA,40,60,80,95,68,104,86,108,0,0,0,0,1,1,3,17,NA,NA,NA,NA,NA,NA
"1:239",2020-10-05,5088,6108,13865,15065,13843,12445,9927,11089,0,0,0,2,22,38,93,215,1077,0,NA,NA,NA,NA,NA,NA,33,32,53,58,59,50,57,75,0,0,0,0,0,2,2,18,NA,NA,NA,NA,NA,NA
"1:240",2020-10-04,5055,6076,13812,15007,13784,12395,9870,11014,0,0,0,2,22,38,91,213,1059,0,NA,NA,NA,NA,NA,NA,40,38,66,85,68,56,58,77,0,0,0,0,0,0,3,15,NA,NA,NA,NA,NA,NA
"1:241",2020-10-03,5015,6038,13746,14922,13716,12339,9812,10937,0,0,0,2,22,38,91,210,1044,0,NA,NA,NA,NA,NA,NA,48,60,97,100,121,111,93,116,0,0,0,0,0,2,3,11,NA,NA,NA,NA,NA,NA
"1:242",2020-10-02,4967,5978,13649,14822,13595,12228,9719,10821,0,0,0,2,22,38,89,207,1033,0,NA,NA,NA,NA,NA,NA,40,78,141,144,140,151,109,155,0,0,0,0,1,0,1,5,NA,NA,NA,NA,NA,NA
"1:243",2020-10-01,4927,5900,13508,14678,13455,12077,9610,10666,0,0,0,2,22,37,89,206,1028,0,NA,NA,NA,NA,NA,NA,56,97,155,172,141,141,143,219,0,0,0,0,1,1,1,12,NA,NA,NA,NA,NA,NA
"1:244",2020-09-30,4871,5803,13353,14506,13314,11936,9467,10447,0,0,0,2,22,36,88,205,1016,0,NA,NA,NA,NA,NA,NA,60,86,132,153,117,139,136,119,0,0,0,0,0,1,3,15,NA,NA,NA,NA,NA,NA
"1:245",2020-09-29,4811,5717,13221,14353,13197,11797,9331,10328,0,0,0,2,22,36,87,202,1001,0,NA,NA,NA,NA,NA,NA,38,54,110,105,104,99,91,105,0,0,0,0,0,2,1,18,NA,NA,NA,NA,NA,NA
"1:246",2020-09-28,4773,5663,13111,14248,13093,11698,9240,10223,0,0,0,2,22,36,85,201,983,0,NA,NA,NA,NA,NA,NA,30,46,123,154,148,94,90,122,0,0,0,0,0,2,2,17,NA,NA,NA,NA,NA,NA
"1:247",2020-09-27,4743,5617,12988,14094,12945,11604,9150,10101,0,0,0,2,22,36,83,199,966,0,NA,NA,NA,NA,NA,NA,23,37,68,105,69,70,58,57,0,0,0,0,0,0,3,20,NA,NA,NA,NA,NA,NA
"1:248",2020-09-26,4720,5580,12920,13989,12876,11534,9092,10044,0,0,0,2,22,36,83,196,946,0,NA,NA,NA,NA,NA,NA,46,49,105,133,145,134,103,94,0,0,0,0,-1,1,1,18,NA,NA,NA,NA,NA,NA
"1:249",2020-09-25,4674,5531,12815,13856,12731,11400,8989,9950,0,0,0,2,22,37,82,195,928,0,NA,NA,NA,NA,NA,NA,53,92,148,143,120,118,89,134,0,0,0,0,0,0,1,19,NA,NA,NA,NA,NA,NA
"1:250",2020-09-24,4621,5439,12667,13713,12611,11282,8900,9816,0,0,0,2,22,37,82,194,909,0,NA,NA,NA,NA,NA,NA,40,93,202,150,142,141,130,188,0,0,0,0,1,0,3,13,NA,NA,NA,NA,NA,NA
"1:251",2020-09-23,4581,5346,12465,13563,12469,11141,8770,9628,0,0,0,2,22,36,82,191,896,0,NA,NA,NA,NA,NA,NA,54,77,164,146,131,152,110,148,0,0,0,1,0,2,3,14,NA,NA,NA,NA,NA,NA
"1:252",2020-09-22,4527,5269,12301,13417,12338,10989,8660,9480,0,0,0,2,21,36,80,188,882,0,NA,NA,NA,NA,NA,NA,42,31,120,104,83,89,61,87,0,0,0,0,0,1,2,9,NA,NA,NA,NA,NA,NA
"1:253",2020-09-21,4485,5238,12181,13313,12255,10900,8599,9393,0,0,0,2,21,36,79,186,873,0,NA,NA,NA,NA,NA,NA,46,70,109,95,77,69,73,102,0,0,0,0,2,0,1,13,NA,NA,NA,NA,NA,NA
"1:254",2020-09-20,4439,5168,12072,13218,12178,10831,8526,9291,0,0,0,2,21,34,79,185,860,0,NA,NA,NA,NA,NA,NA,19,52,92,85,102,83,57,73,0,0,0,0,0,0,0,0,NA,NA,NA,NA,NA,NA
"1:255",2020-09-19,4420,5116,11980,13133,12076,10748,8469,9218,0,0,0,2,21,34,79,185,860,0,NA,NA,NA,NA,NA,NA,64,117,274,136,142,120,112,113,0,0,0,0,0,0,0,8,NA,NA,NA,NA,NA,NA
"1:256",2020-09-18,4356,4999,11706,12997,11934,10628,8357,9105,0,0,0,2,21,34,79,185,852,0,NA,NA,NA,NA,NA,NA,35,66,166,154,133,118,99,100,0,0,0,0,0,0,0,7,NA,NA,NA,NA,NA,NA
"1:257",2020-09-17,4321,4933,11540,12843,11801,10510,8258,9005,0,0,0,2,21,34,79,185,845,0,NA,NA,NA,NA,NA,NA,47,88,235,142,121,120,108,121,0,0,0,2,0,0,1,6,NA,NA,NA,NA,NA,NA
"1:258",2020-09-16,4274,4845,11305,12701,11680,10390,8150,8884,0,0,0,2,19,34,79,184,839,0,NA,NA,NA,NA,NA,NA,46,65,109,95,107,110,92,108,0,0,0,0,1,0,3,3,NA,NA,NA,NA,NA,NA
"1:259",2020-09-15,4228,4780,11196,12606,11573,10280,8058,8776,0,0,0,2,19,33,79,181,836,0,NA,NA,NA,NA,NA,NA,40,70,165,85,94,106,114,196,0,0,1,3,4,8,25,117,NA,NA,NA,NA,NA,NA
"1:260",2020-09-14,4188,4710,11031,12521,11479,10174,7944,8580,0,0,0,1,16,29,71,156,719,0,NA,NA,NA,NA,NA,NA,25,24,78,54,49,54,54,70,0,0,0,0,0,1,1,9,NA,NA,NA,NA,NA,NA
"1:261",2020-09-13,4163,4686,10953,12467,11430,10120,7890,8510,0,0,0,1,16,29,70,155,710,0,NA,NA,NA,NA,NA,NA,23,32,119,80,56,55,45,99,0,0,0,0,0,2,0,10,NA,NA,NA,NA,NA,NA
