"","V1","Date","Cases_0_10","Cases_11_17","Cases_18_24","Cases_25_34","Cases_35_44","Cases_45_54","Cases_55_64","Cases_65","Cases_Unknown","Deaths_0_10","Deaths_11_17","Deaths_18_24","Deaths_25_34","Deaths_35_44","Deaths_45_54","Deaths_55_64","Deaths_65","Deaths_Unknown","Cases_0_17","Cases_25_44","Cases_45_64","Deaths_0_17","Deaths_25_44","Deaths_45_64","New_Cases_0_10","New_Cases_11_17","New_Cases_18_24","New_Cases_25_34","New_Cases_35_44","New_Cases_45_54","New_Cases_55_64","New_Cases_65","New_Deaths_0_10","New_Deaths_11_17","New_Deaths_18_24","New_Deaths_25_34","New_Deaths_35_44","New_Deaths_45_54","New_Deaths_55_64","New_Deaths_65","New_Cases_0_17","New_Cases_25_44","New_Cases_45_64","New_Deaths_0_17","New_Deaths_25_44","New_Deaths_45_64"
"2",NA,"2021-10-06",39897,46521,62959,81858,76017,67447,58187,67000,NA,NA,NA,21,93,221,477,1139,5827,NA,NA,NA,NA,3,NA,NA,124,112,76,137,132,110,85,106,NA,NA,0,0,0,0,2,4,NA,NA,NA,0,NA,NA
"1:1","2","2021-10-05",39773,46409,62883,81721,75885,67337,58102,66894,NA,NA,NA,21,93,221,477,1137,5823,NA,NA,NA,NA,3,NA,NA,118,91,65,114,99,77,92,91,NA,NA,0,0,7,0,7,9,NA,NA,NA,0,NA,NA
"1:2","1:1","2021-10-04",39655,46318,62818,81607,75786,67260,58010,66803,NA,NA,NA,21,93,214,477,1130,5814,NA,NA,NA,NA,3,NA,NA,28,19,21,20,30,27,21,29,NA,NA,0,2,0,2,2,6,NA,NA,NA,0,NA,NA
"1:3","1:2","2021-10-03",39627,46299,62797,81587,75756,67233,57989,66774,NA,NA,NA,21,91,214,475,1128,5808,NA,NA,NA,NA,3,NA,NA,77,32,51,81,89,46,53,57,NA,NA,0,1,1,0,0,14,NA,NA,NA,0,NA,NA
"1:4","1:3","2021-10-02",39550,46267,62746,81506,75667,67187,57936,66717,NA,NA,NA,21,90,213,475,1128,5794,NA,NA,NA,NA,3,NA,NA,84,97,53,92,95,53,75,93,NA,NA,1,0,0,0,0,5,NA,NA,NA,0,NA,NA
"1:5","1:4","2021-10-01",39466,46170,62693,81414,75572,67134,57861,66624,NA,NA,NA,20,90,213,475,1128,5789,NA,NA,NA,NA,3,NA,NA,-74,114,120,176,164,124,124,109,NA,NA,0,1,0,3,10,13,NA,NA,NA,0,NA,NA
"1:6","1:5","2021-09-30",39540,46056,62573,81238,75408,67010,57737,66515,NA,NA,NA,20,89,213,472,1118,5776,NA,NA,NA,NA,3,NA,NA,331,128,74,134,101,73,72,91,NA,NA,0,1,0,5,7,8,NA,NA,NA,0,NA,NA
"1:7","1:6","2021-09-29",39209,45928,62499,81104,75307,66937,57665,66424,NA,NA,NA,20,88,213,467,1111,5768,NA,NA,NA,NA,3,NA,NA,102,186,117,168,180,143,124,133,NA,NA,0,1,4,2,4,8,NA,NA,NA,0,NA,NA
"1:8","1:7","2021-09-28",39107,45742,62382,80936,75127,66794,57541,66291,NA,NA,NA,20,87,209,465,1107,5760,NA,NA,NA,NA,3,NA,NA,171,75,91,95,105,84,69,110,NA,NA,0,0,3,2,5,11,NA,NA,NA,0,NA,NA
"1:9","1:8","2021-09-27",38936,45667,62291,80841,75022,66710,57472,66181,NA,NA,NA,20,87,206,463,1102,5749,NA,NA,NA,NA,3,NA,NA,57,54,48,69,72,62,48,60,NA,NA,0,0,5,5,9,21,NA,NA,NA,0,NA,NA
"1:10","1:9","2021-09-26",38879,45613,62243,80772,74950,66648,57424,66121,NA,NA,NA,20,87,201,458,1093,5728,NA,NA,NA,NA,3,NA,NA,49,52,51,71,69,50,36,39,NA,NA,0,0,1,0,5,9,NA,NA,NA,0,NA,NA
"1:11","1:10","2021-09-25",38830,45561,62192,80701,74881,66598,57388,66082,NA,NA,NA,20,87,200,458,1088,5719,NA,NA,NA,NA,3,NA,NA,138,142,92,126,156,109,97,152,NA,NA,0,0,1,2,2,9,NA,NA,NA,0,NA,NA
"1:12","1:11","2021-09-24",38692,45419,62100,80575,74725,66489,57291,65930,NA,NA,NA,20,87,199,456,1086,5710,NA,NA,NA,NA,3,NA,NA,204,167,145,213,193,150,124,169,NA,NA,0,1,0,3,2,7,NA,NA,NA,0,NA,NA
"1:13","1:12","2021-09-23",38488,45252,61955,80362,74532,66339,57167,65761,NA,NA,NA,20,86,199,453,1084,5703,NA,NA,NA,NA,3,NA,NA,217,218,174,219,206,169,161,176,NA,NA,0,1,1,5,1,12,NA,NA,NA,0,NA,NA
"1:14","1:13","2021-09-22",38271,45034,61781,80143,74326,66170,57006,65585,NA,NA,NA,20,85,198,448,1083,5691,NA,NA,NA,NA,3,NA,NA,207,225,126,207,176,160,152,210,NA,NA,0,1,0,1,11,16,NA,NA,NA,0,NA,NA
"1:15","1:14","2021-09-21",38064,44809,61655,79936,74150,66010,56854,65375,NA,NA,NA,20,84,198,447,1072,5675,NA,NA,NA,NA,3,NA,NA,196,195,163,189,187,165,116,190,NA,NA,0,1,1,3,5,7,NA,NA,NA,0,NA,NA
"1:16","1:15","2021-09-20",37868,44614,61492,79747,73963,65845,56738,65185,NA,NA,NA,20,83,197,444,1067,5668,NA,NA,NA,NA,3,NA,NA,33,28,48,68,55,62,48,54,NA,NA,0,2,6,4,7,18,NA,NA,NA,0,NA,NA
"1:17","1:16","2021-09-19",37835,44586,61444,79679,73908,65783,56690,65131,NA,NA,NA,20,81,191,440,1060,5650,NA,NA,NA,NA,3,NA,NA,97,74,86,121,114,90,71,86,NA,NA,0,1,1,1,1,7,NA,NA,NA,0,NA,NA
"1:18","1:17","2021-09-18",37738,44512,61358,79558,73794,65693,56619,65045,NA,NA,NA,20,80,190,439,1059,5643,NA,NA,NA,NA,3,NA,NA,126,212,209,251,221,200,159,196,NA,NA,0,1,0,2,3,16,NA,NA,NA,0,NA,NA
"1:19","1:18","2021-09-17",37612,44300,61149,79307,73573,65493,56460,64849,NA,NA,NA,20,79,190,437,1056,5627,NA,NA,NA,NA,3,NA,NA,240,270,178,279,273,189,172,208,NA,NA,0,1,1,1,3,11,NA,NA,NA,0,NA,NA
"1:20","1:19","2021-09-16",37372,44030,60971,79028,73300,65304,56288,64641,NA,NA,NA,20,78,189,436,1053,5616,NA,NA,NA,NA,3,NA,NA,292,193,247,272,241,189,181,209,NA,NA,0,1,0,5,9,18,NA,NA,NA,0,NA,NA
"1:21","1:20","2021-09-15",37080,43837,60724,78756,73059,65115,56107,64432,NA,NA,NA,20,77,189,431,1044,5598,NA,NA,NA,NA,3,NA,NA,254,282,216,286,275,205,182,219,NA,NA,0,1,0,2,8,17,NA,NA,NA,0,NA,NA
"1:22","1:21","2021-09-14",36826,43555,60508,78470,72784,64910,55925,64213,NA,NA,NA,20,76,189,429,1036,5581,NA,NA,NA,NA,3,NA,NA,263,214,164,235,188,167,146,167,NA,NA,1,1,3,6,6,19,NA,NA,NA,0,NA,NA
"1:23","1:22","2021-09-13",36563,43341,60344,78235,72596,64743,55779,64046,NA,NA,NA,19,75,186,423,1030,5562,NA,NA,NA,NA,3,NA,NA,79,70,70,106,111,76,58,76,NA,NA,1,2,0,1,9,18,NA,NA,NA,0,NA,NA
"1:24","1:23","2021-09-12",36484,43271,60274,78129,72485,64667,55721,63970,NA,NA,NA,18,73,186,422,1021,5544,NA,NA,NA,NA,3,NA,NA,83,159,173,188,168,127,103,115,NA,NA,0,0,3,3,1,28,NA,NA,NA,0,NA,NA
"1:25","1:24","2021-09-11",36401,43112,60101,77941,72317,64540,55618,63855,NA,NA,NA,18,73,183,419,1020,5516,NA,NA,NA,NA,3,NA,NA,151,291,206,272,233,200,193,203,NA,NA,0,1,1,2,13,16,NA,NA,NA,0,NA,NA
"1:26","1:25","2021-09-10",36250,42821,59895,77669,72084,64340,55425,63652,NA,NA,NA,18,72,182,417,1007,5500,NA,NA,NA,NA,3,NA,NA,483,341,217,298,280,176,167,197,NA,NA,0,0,2,5,4,19,NA,NA,NA,0,NA,NA
"1:27","1:26","2021-09-09",35767,42480,59678,77371,71804,64164,55258,63455,NA,NA,NA,18,72,180,412,1003,5481,NA,NA,NA,NA,3,NA,NA,220,416,255,392,340,386,241,231,NA,NA,1,0,1,2,7,16,NA,NA,NA,0,NA,NA
"1:28","1:27","2021-09-08",35547,42064,59423,76979,71464,63778,55017,63224,NA,NA,NA,17,72,179,410,996,5465,NA,NA,NA,NA,3,NA,NA,344,333,266,323,294,237,186,198,NA,NA,1,4,3,1,10,15,NA,NA,NA,0,NA,NA
"1:29","1:28","2021-09-07",35203,41731,59157,76656,71170,63541,54831,63026,NA,NA,NA,16,68,176,409,986,5450,NA,NA,NA,NA,3,NA,NA,152,49,61,83,68,68,43,59,NA,NA,1,1,2,4,5,25,NA,NA,NA,0,NA,NA
"1:30","1:29","2021-09-06",35051,41682,59096,76573,71102,63473,54788,62967,NA,NA,NA,15,67,174,405,981,5425,NA,NA,NA,NA,3,NA,NA,33,143,112,154,153,120,108,114,NA,NA,0,0,0,1,4,8,NA,NA,NA,0,NA,NA
"1:31","1:30","2021-09-05",35018,41539,58984,76419,70949,63353,54680,62853,NA,NA,NA,15,67,174,404,977,5417,NA,NA,NA,NA,3,NA,NA,298,105,105,147,133,96,96,92,NA,NA,0,0,1,3,3,12,NA,NA,NA,0,NA,NA
"1:32","1:31","2021-09-04",34720,41434,58879,76272,70816,63257,54584,62761,NA,NA,NA,15,67,173,401,974,5405,NA,NA,NA,NA,3,NA,NA,262,443,268,352,313,273,219,230,NA,NA,0,0,1,0,3,12,NA,NA,NA,0,NA,NA
"1:33","1:32","2021-09-03",34458,40991,58611,75920,70503,62984,54365,62531,NA,NA,NA,15,67,172,401,971,5393,NA,NA,NA,NA,3,NA,NA,489,279,228,306,268,190,188,181,NA,NA,0,0,1,2,3,13,NA,NA,NA,0,NA,NA
"1:34","1:33","2021-09-02",33969,40712,58383,75614,70235,62794,54177,62350,NA,NA,NA,15,67,171,399,968,5380,NA,NA,NA,NA,3,NA,NA,458,411,264,345,333,237,210,195,NA,NA,0,1,1,4,9,19,NA,NA,NA,0,NA,NA
"1:35","1:34","2021-09-01",33511,40301,58119,75269,69902,62557,53967,62155,NA,NA,NA,15,66,170,395,959,5361,NA,NA,NA,NA,3,NA,NA,392,514,339,406,386,303,269,281,NA,NA,0,1,1,5,7,21,NA,NA,NA,0,NA,NA
"1:36","1:35","2021-08-31",33119,39787,57780,74863,69516,62254,53698,61874,NA,NA,NA,15,65,169,390,952,5340,NA,NA,NA,NA,3,NA,NA,445,405,299,382,345,266,239,245,NA,NA,0,0,3,6,4,9,NA,NA,NA,0,NA,NA
"1:37","1:36","2021-08-30",32674,39382,57481,74481,69171,61988,53459,61629,NA,NA,NA,15,65,166,384,948,5331,NA,NA,NA,NA,3,NA,NA,125,88,106,154,131,111,75,92,NA,NA,1,1,1,2,7,21,NA,NA,NA,0,NA,NA
"1:38","1:37","2021-08-29",32549,39294,57375,74327,69040,61877,53384,61537,NA,NA,NA,14,64,165,382,941,5310,NA,NA,NA,NA,3,NA,NA,66,157,96,125,111,100,64,68,NA,NA,0,0,0,2,5,18,NA,NA,NA,0,NA,NA
"1:39","1:38","2021-08-28",32483,39137,57279,74202,68929,61777,53320,61469,NA,NA,NA,14,64,165,380,936,5292,NA,NA,NA,NA,3,NA,NA,375,260,300,342,282,216,207,184,NA,NA,0,0,1,1,5,11,NA,NA,NA,0,NA,NA
"1:40","1:39","2021-08-27",32108,38877,56979,73860,68647,61561,53113,61285,NA,NA,NA,14,64,164,379,931,5281,NA,NA,NA,NA,3,NA,NA,599,423,323,382,363,289,250,237,NA,NA,2,0,3,5,6,14,NA,NA,NA,0,NA,NA
"1:41","1:40","2021-08-26",31509,38454,56656,73478,68284,61272,52863,61048,NA,NA,NA,12,64,161,374,925,5267,NA,NA,NA,NA,3,NA,NA,317,394,275,363,312,237,188,232,NA,NA,0,0,2,6,3,21,NA,NA,NA,0,NA,NA
"1:42","1:41","2021-08-25",31192,38060,56381,73115,67972,61035,52675,60816,NA,NA,NA,12,64,159,368,922,5246,NA,NA,NA,NA,3,NA,NA,405,385,336,411,404,332,260,248,NA,NA,0,0,3,3,4,15,NA,NA,NA,0,NA,NA
"1:43","1:42","2021-08-24",30787,37675,56045,72704,67568,60703,52415,60568,NA,NA,NA,12,64,156,365,918,5231,NA,NA,NA,NA,3,NA,NA,501,345,192,281,287,239,202,176,NA,NA,0,0,0,4,16,25,NA,NA,NA,0,NA,NA
"1:44","1:43","2021-08-23",30286,37330,55853,72423,67281,60464,52213,60392,NA,NA,NA,12,64,156,361,902,5206,NA,NA,NA,NA,3,NA,NA,116,119,95,172,135,101,101,147,NA,NA,0,1,1,6,4,18,NA,NA,NA,0,NA,NA
"1:45","1:44","2021-08-22",30170,37211,55758,72251,67146,60363,52112,60245,NA,NA,NA,12,63,155,355,898,5188,NA,NA,NA,NA,3,NA,NA,52,179,170,219,198,147,131,133,NA,NA,0,2,1,2,7,17,NA,NA,NA,0,NA,NA
"1:46","1:45","2021-08-21",30118,37032,55588,72032,66948,60216,51981,60112,NA,NA,NA,12,61,154,353,891,5171,NA,NA,NA,NA,3,NA,NA,452,231,285,416,334,302,225,275,NA,NA,0,1,3,4,6,17,NA,NA,NA,0,NA,NA
"1:47","1:46","2021-08-20",29666,36801,55303,71616,66614,59914,51756,59837,NA,NA,NA,12,60,151,349,885,5154,NA,NA,NA,NA,3,NA,NA,147,262,327,440,376,312,275,268,NA,NA,0,3,2,3,8,17,NA,NA,NA,0,NA,NA
"1:48","1:47","2021-08-19",29519,36539,54976,71176,66238,59602,51481,59569,NA,NA,NA,12,57,149,346,877,5137,NA,NA,NA,NA,3,NA,NA,566,296,408,582,504,421,389,383,NA,NA,0,1,1,1,1,12,NA,NA,NA,0,NA,NA
"1:49","1:48","2021-08-18",28953,36243,54568,70594,65734,59181,51092,59186,NA,NA,NA,12,56,148,345,876,5125,NA,NA,NA,NA,3,NA,NA,339,309,336,443,410,314,289,245,NA,NA,0,2,1,1,8,14,NA,NA,NA,0,NA,NA
"1:50","1:49","2021-08-17",28614,35934,54232,70151,65324,58867,50803,58941,NA,NA,NA,12,54,147,344,868,5111,NA,NA,NA,NA,3,NA,NA,345,212,255,369,325,250,230,217,NA,NA,0,1,2,3,11,24,NA,NA,NA,0,NA,NA
"1:51","1:50","2021-08-16",28269,35722,53977,69782,64999,58617,50573,58724,NA,NA,NA,12,53,145,341,857,5087,NA,NA,NA,NA,3,NA,NA,114,65,92,146,126,113,108,92,NA,NA,0,1,3,5,6,16,NA,NA,NA,0,NA,NA
"1:52","1:51","2021-08-15",28155,35657,53885,69636,64873,58504,50465,58632,NA,NA,NA,12,52,142,336,851,5071,NA,NA,NA,NA,3,NA,NA,-2,135,217,339,272,222,168,166,NA,NA,0,1,2,8,4,7,NA,NA,NA,0,NA,NA
"1:53","1:52","2021-08-14",28157,35522,53668,69297,64601,58282,50297,58466,NA,NA,NA,12,51,140,328,847,5064,NA,NA,NA,NA,3,NA,NA,404,186,245,346,282,235,199,220,NA,NA,0,0,1,1,3,8,NA,NA,NA,0,NA,NA
"1:54","1:53","2021-08-13",27753,35336,53423,68951,64319,58047,50098,58246,NA,NA,NA,12,51,139,327,844,5056,NA,NA,NA,NA,3,NA,NA,205,269,399,558,491,406,338,357,NA,NA,0,0,2,4,6,24,NA,NA,NA,0,NA,NA
"1:55","1:54","2021-08-12",27548,35067,53024,68393,63828,57641,49760,57889,NA,NA,NA,12,51,137,323,838,5032,NA,NA,NA,NA,3,NA,NA,390,179,245,375,369,297,241,222,NA,NA,0,0,2,3,8,17,NA,NA,NA,0,NA,NA
"1:56","1:55","2021-08-11",27158,34888,52779,68018,63459,57344,49519,57667,NA,NA,NA,12,51,135,320,830,5015,NA,NA,NA,NA,3,NA,NA,335,235,367,522,470,380,290,341,NA,NA,0,0,0,2,4,14,NA,NA,NA,0,NA,NA
"1:57","1:56","2021-08-10",26823,34653,52412,67496,62989,56964,49229,57326,NA,NA,NA,12,51,135,318,826,5001,NA,NA,NA,NA,3,NA,NA,231,190,311,501,449,361,287,290,NA,NA,0,1,3,4,6,10,NA,NA,NA,0,NA,NA
"1:58","1:57","2021-08-09",26592,34463,52101,66995,62540,56603,48942,57036,NA,NA,NA,12,50,132,314,820,4991,NA,NA,NA,NA,3,NA,NA,103,73,125,209,146,119,99,121,NA,NA,0,1,2,3,1,14,NA,NA,NA,0,NA,NA
"1:59","1:58","2021-08-08",26489,34390,51976,66786,62394,56484,48843,56915,NA,NA,NA,12,49,130,311,819,4977,NA,NA,NA,NA,3,NA,NA,125,100,189,256,219,169,162,149,NA,NA,0,1,0,2,2,6,NA,NA,NA,0,NA,NA
"1:60","1:59","2021-08-07",26364,34290,51787,66530,62175,56315,48681,56766,NA,NA,NA,12,48,130,309,817,4971,NA,NA,NA,NA,3,NA,NA,301,189,312,463,403,331,295,339,NA,NA,1,0,2,2,6,10,NA,NA,NA,0,NA,NA
"1:61","1:60","2021-08-06",26063,34101,51475,66067,61772,55984,48386,56427,NA,NA,NA,11,48,128,307,811,4961,NA,NA,NA,NA,3,NA,NA,112,270,421,622,502,416,354,340,NA,NA,0,0,1,1,5,14,NA,NA,NA,3,NA,NA
"1:62","1:61","2021-08-05",25951,33831,51054,65445,61270,55568,48032,56087,NA,2,NA,11,48,127,306,806,4947,NA,NA,NA,NA,NA,NA,NA,419,232,303,453,425,341,268,336,0,NA,0,1,2,3,2,9,NA,NA,NA,NA,NA,NA
"1:63","1:62","2021-08-04",25532,33599,50751,64992,60845,55227,47764,55751,NA,2,NA,11,47,125,303,804,4938,NA,NA,NA,NA,NA,NA,NA,411,208,329,527,454,372,302,235,0,NA,0,0,1,1,3,10,NA,NA,NA,NA,NA,NA
"1:64","1:63","2021-08-03",25121,33391,50422,64465,60391,54855,47462,55516,NA,2,NA,11,47,124,302,801,4928,NA,NA,NA,NA,NA,NA,NA,227,226,265,427,379,295,245,279,0,NA,0,1,0,4,4,7,NA,NA,NA,NA,NA,NA
"1:65","1:64","2021-08-02",24894,33165,50157,64038,60012,54560,47217,55237,NA,2,NA,11,46,124,298,797,4921,NA,NA,NA,NA,NA,NA,NA,93,55,114,162,141,104,88,87,0,NA,0,0,2,6,11,23,NA,NA,NA,NA,NA,NA
"1:66","1:65","2021-08-01",24801,33110,50043,63876,59871,54456,47129,55150,NA,2,NA,11,46,122,292,786,4898,NA,NA,NA,NA,NA,NA,NA,184,156,233,412,322,251,216,210,0,NA,0,0,0,1,7,8,NA,NA,NA,NA,NA,NA
"1:67","1:66","2021-07-31",24617,32954,49810,63464,59549,54205,46913,54940,NA,2,NA,11,46,122,291,779,4890,NA,NA,NA,NA,NA,NA,NA,-29,128,193,286,234,181,165,181,0,NA,0,2,0,0,2,14,NA,NA,NA,NA,NA,NA
"1:68","1:67","2021-07-30",24646,32826,49617,63178,59315,54024,46748,54759,NA,2,NA,11,44,122,291,777,4876,NA,NA,NA,NA,NA,NA,NA,443,203,290,467,389,297,210,245,0,NA,0,0,0,3,2,8,NA,NA,NA,NA,NA,NA
"1:69","1:68","2021-07-29",24203,32623,49327,62711,58926,53727,46538,54514,NA,2,NA,11,44,122,288,775,4868,NA,NA,NA,NA,NA,NA,NA,259,230,349,567,448,355,339,296,0,NA,0,0,-2,1,4,8,NA,NA,NA,NA,NA,NA
"1:70","1:69","2021-07-28",23944,32393,48978,62144,58478,53372,46199,54218,NA,2,NA,11,44,124,287,771,4860,NA,NA,NA,NA,NA,NA,NA,219,179,233,296,256,195,152,173,0,NA,0,0,0,1,5,6,NA,NA,NA,NA,NA,NA
"1:71","1:70","2021-07-27",23725,32214,48745,61848,58222,53177,46047,54045,NA,2,NA,11,44,124,286,766,4854,NA,NA,NA,NA,NA,NA,NA,184,155,250,377,369,271,239,207,0,NA,0,0,0,0,2,8,NA,NA,NA,NA,NA,NA
"1:72","1:71","2021-07-26",23541,32059,48495,61471,57853,52906,45808,53838,NA,2,NA,11,44,124,286,764,4846,NA,NA,NA,NA,NA,NA,NA,83,71,72,117,102,61,63,52,0,NA,0,1,2,3,5,12,NA,NA,NA,NA,NA,NA
"1:73","1:72","2021-07-25",23458,31988,48423,61354,57751,52845,45745,53786,NA,2,NA,11,43,122,283,759,4834,NA,NA,NA,NA,NA,NA,NA,92,78,107,230,161,113,105,136,0,NA,0,0,2,1,0,3,NA,NA,NA,NA,NA,NA
"1:74","1:73","2021-07-24",23366,31910,48316,61124,57590,52732,45640,53650,NA,2,NA,11,43,120,282,759,4831,NA,NA,NA,NA,NA,NA,NA,156,175,270,365,336,273,227,213,0,NA,0,0,0,1,2,4,NA,NA,NA,NA,NA,NA
"1:75","1:74","2021-07-23",23210,31735,48046,60759,57254,52459,45413,53437,NA,2,NA,11,43,120,281,757,4827,NA,NA,NA,NA,NA,NA,NA,240,193,235,398,301,249,184,187,1,NA,0,0,0,0,2,3,NA,NA,NA,NA,NA,NA
"1:76","1:75","2021-07-22",22970,31542,47811,60361,56953,52210,45229,53250,NA,1,NA,11,43,120,281,755,4824,NA,NA,NA,NA,NA,NA,NA,118,162,272,339,289,278,192,210,1,NA,1,0,0,2,7,4,NA,NA,NA,NA,NA,NA
"1:77","1:76","2021-07-21",22852,31380,47539,60022,56664,51932,45037,53040,NA,0,0,10,43,120,279,748,4820,NA,NA,NA,NA,NA,NA,NA,214,139,195,236,214,197,147,117,0,0,0,0,2,1,3,7,NA,NA,NA,NA,NA,NA
"1:78","1:77","2021-07-20",22638,31241,47344,59786,56450,51735,44890,52923,NA,0,0,10,43,118,278,745,4813,NA,NA,NA,NA,NA,NA,NA,-72,148,258,337,313,248,238,405,0,0,0,0,0,0,0,0,NA,NA,NA,NA,NA,NA
"1:79","1:78","2021-07-19",22710,31093,47086,59449,56137,51487,44652,52518,0,0,0,10,43,118,278,745,4813,0,NA,NA,NA,NA,NA,NA,204,211,381,484,394,318,277,283,0,0,0,1,2,0,4,8,NA,NA,NA,NA,NA,NA
"1:80","1:79","2021-07-16",22506,30882,46705,58965,55743,51169,44375,52235,NA,0,0,10,42,116,278,741,4805,NA,NA,NA,NA,NA,NA,NA,397,198,316,456,346,292,249,68,0,0,0,2,1,0,5,7,NA,NA,NA,NA,NA,NA
"1:81","1:80","2021-07-15",22109,30684,46389,58509,55397,50877,44126,52167,NA,0,0,10,40,115,278,736,4798,NA,NA,NA,NA,NA,NA,NA,-274,134,210,334,284,220,198,203,0,0,0,0,0,1,4,2,NA,NA,NA,NA,NA,NA
"1:82","1:81","2021-07-13",22383,30550,46179,58175,55113,50657,43928,51964,NA,0,0,10,40,115,277,732,4796,NA,NA,NA,NA,NA,NA,NA,254,247,495,635,537,438,350,533,0,0,0,0,1,0,5,16,NA,NA,NA,NA,NA,NA
"1:83","1:82","2021-07-12",22129,30303,45684,57540,54576,50219,43578,51431,0,0,0,10,40,114,277,727,4780,0,NA,NA,NA,NA,NA,NA,332,61,114,191,159,119,85,94,0,0,0,0,0,1,0,3,NA,NA,NA,NA,NA,NA
"1:84","1:83","2021-07-08",21797,30242,45570,57349,54417,50100,43493,51337,0,0,0,10,40,114,276,727,4777,0,NA,NA,NA,NA,NA,NA,64,75,163,232,226,161,142,147,0,0,0,1,0,2,5,3,NA,NA,NA,NA,NA,NA
"1:85","1:84","2021-07-07",21733,30167,45407,57117,54191,49939,43351,51190,0,0,0,10,39,114,274,722,4774,0,NA,NA,NA,NA,NA,NA,86,84,139,187,159,122,105,118,0,0,0,0,0,1,1,5,NA,NA,NA,NA,NA,NA
"1:86","1:85","2021-07-06",21647,30083,45268,56930,54032,49817,43246,51072,0,0,0,10,39,114,273,721,4769,0,NA,NA,NA,NA,NA,NA,16,22,18,51,56,42,28,37,0,0,0,0,1,0,1,4,NA,NA,NA,NA,NA,NA
"1:87","1:86","2021-07-05",21631,30061,45250,56879,53976,49775,43218,51035,0,0,0,10,39,113,273,720,4765,0,NA,NA,NA,NA,NA,NA,99,105,156,237,198,160,139,152,0,0,0,2,0,0,3,2,NA,NA,NA,NA,NA,NA
"1:88","1:87","2021-07-02",21532,29956,45094,56642,53778,49615,43079,50883,0,0,0,10,37,113,273,717,4763,0,NA,NA,NA,NA,NA,NA,-250,81,87,171,139,100,84,82,0,0,0,0,1,0,1,2,NA,NA,NA,NA,NA,NA
"1:89","1:88","2021-07-01",21782,29875,45007,56471,53639,49515,42995,50801,0,0,0,10,37,112,273,716,4761,0,NA,NA,NA,NA,NA,NA,344,24,60,73,85,45,30,39,0,0,0,0,0,0,0,0,NA,NA,NA,NA,NA,NA
"1:90","1:89","2021-06-30",21438,29851,44947,56398,53554,49470,42965,50762,0,0,0,10,37,112,273,716,4761,0,NA,NA,NA,NA,NA,NA,47,65,86,136,108,90,75,79,0,0,0,0,0,1,1,2,NA,NA,NA,NA,NA,NA
"1:91","1:90","2021-06-29",21391,29786,44861,56262,53446,49380,42890,50683,0,0,0,10,37,112,272,715,4759,0,NA,NA,NA,NA,NA,NA,NA,NA,NA,NA,NA,NA,NA,NA,NA,NA,NA,NA,NA,NA,NA,NA,NA,NA,NA,NA,NA,NA
"1:92","1:91","2021-06-25",21275,29656,44682,56014,53171,49179,42749,50528,0,0,0,10,37,110,270,713,4753,0,NA,NA,NA,NA,NA,NA,27,32,37,64,45,30,28,39,0,0,0,0,1,0,0,2,NA,NA,NA,NA,NA,NA
"1:93","1:92","2021-06-24",21248,29624,44645,55950,53126,49149,42721,50489,0,0,0,10,37,109,270,713,4751,0,NA,NA,NA,NA,NA,NA,24,31,43,73,65,59,40,48,0,0,0,0,0,0,0,3,NA,NA,NA,NA,NA,NA
"1:94","1:93","2021-06-23",21224,29593,44602,55877,53061,49090,42681,50441,0,0,0,10,37,109,270,713,4748,0,NA,NA,NA,NA,NA,NA,39,37,42,72,69,48,42,40,0,0,0,0,1,0,2,0,NA,NA,NA,NA,NA,NA
"1:95","1:94","2021-06-22",21185,29556,44560,55805,52992,49042,42639,50401,0,0,0,10,37,108,270,711,4748,0,NA,NA,NA,NA,NA,NA,29,38,60,86,79,67,68,58,0,0,0,0,0,0,3,5,NA,NA,NA,NA,NA,NA
"1:96","1:95","2021-06-21",21156,29518,44500,55719,52913,48975,42571,50343,0,0,0,10,37,108,270,708,4743,0,NA,NA,NA,NA,NA,NA,9,8,11,8,17,13,12,12,0,0,0,0,0,0,2,0,NA,NA,NA,NA,NA,NA
"1:97","1:96","2021-06-20",21147,29510,44489,55711,52896,48962,42559,50331,0,0,0,10,37,108,270,706,4743,0,NA,NA,NA,NA,NA,NA,6,16,17,28,27,10,12,17,0,0,0,0,0,0,0,0,NA,NA,NA,NA,NA,NA
"1:98","1:97","2021-06-19",21141,29494,44472,55683,52869,48952,42547,50314,0,0,0,10,37,108,270,706,4743,0,NA,NA,NA,NA,NA,NA,13,20,30,46,40,29,37,36,0,0,0,0,0,0,0,0,NA,NA,NA,NA,NA,NA
"1:99","1:98","2021-06-18",21128,29474,44442,55637,52829,48923,42510,50278,0,0,0,10,37,108,270,706,4743,0,NA,NA,NA,NA,NA,NA,33,24,29,44,53,40,28,25,0,0,0,0,1,0,1,3,NA,NA,NA,NA,NA,NA
"1:100","1:99","2021-06-17",21095,29450,44413,55593,52776,48883,42482,50253,0,0,0,10,37,107,270,705,4740,0,NA,NA,NA,NA,NA,NA,28,32,41,46,47,32,35,27,0,0,0,-1,1,0,0,2,NA,NA,NA,NA,NA,NA
"1:101","1:100","2021-06-16",21067,29418,44372,55547,52729,48851,42447,50226,0,0,0,10,38,106,270,705,4738,0,NA,NA,NA,NA,NA,NA,20,46,24,45,52,39,38,24,0,0,0,0,0,0,0,-2,NA,NA,NA,NA,NA,NA
"1:102","1:101","2021-06-15",21047,29372,44348,55502,52677,48812,42409,50202,0,0,0,10,38,106,270,705,4740,0,NA,NA,NA,NA,NA,NA,19,26,39,50,50,39,41,38,0,0,0,0,0,1,1,4,NA,NA,NA,NA,NA,NA
"1:103","1:102","2021-06-14",21028,29346,44309,55452,52627,48773,42368,50164,0,0,0,10,38,106,269,704,4736,0,NA,NA,NA,NA,NA,NA,6,10,16,24,6,17,11,13,0,0,0,0,0,0,1,1,NA,NA,NA,NA,NA,NA
"1:104","1:103","2021-06-13",21022,29336,44293,55428,52621,48756,42357,50151,0,0,0,10,38,106,269,703,4735,0,NA,NA,NA,NA,NA,NA,-21,7,13,21,20,25,12,14,0,0,0,1,0,0,0,0,NA,NA,NA,NA,NA,NA
"1:105","1:104","2021-06-12",21043,29329,44280,55407,52601,48731,42345,50137,0,0,0,10,37,106,269,703,4735,0,NA,NA,NA,NA,NA,NA,23,30,34,46,49,34,28,20,0,0,0,0,0,0,0,1,NA,NA,NA,NA,NA,NA
"1:106","1:105","2021-06-11",21020,29299,44246,55361,52552,48697,42317,50117,0,0,0,10,37,106,269,703,4734,0,NA,NA,NA,NA,NA,NA,19,28,60,87,68,58,40,33,0,0,0,0,0,1,0,2,NA,NA,NA,NA,NA,NA
"1:107","1:106","2021-06-10",21001,29271,44186,55274,52484,48639,42277,50084,0,0,0,10,37,106,268,703,4732,0,NA,NA,NA,NA,NA,NA,18,14,40,57,56,36,38,30,0,0,0,0,0,0,0,2,NA,NA,NA,NA,NA,NA
"1:108","1:107","2021-06-09",20983,29257,44146,55217,52428,48603,42239,50054,0,0,0,10,37,106,268,703,4730,0,NA,NA,NA,NA,NA,NA,17,14,26,38,37,25,23,21,0,0,0,0,0,0,1,1,NA,NA,NA,NA,NA,NA
"1:109","1:108","2021-06-08",20966,29243,44120,55179,52391,48578,42216,50033,0,0,0,10,37,106,268,702,4729,0,NA,NA,NA,NA,NA,NA,20,23,27,39,40,32,21,29,0,0,0,0,0,0,0,3,NA,NA,NA,NA,NA,NA
"1:110","1:109","2021-06-07",20946,29220,44093,55140,52351,48546,42195,50004,0,0,0,10,37,106,268,702,4726,0,NA,NA,NA,NA,NA,NA,16,11,23,23,27,14,14,22,0,0,0,0,1,0,0,2,NA,NA,NA,NA,NA,NA
"1:111","1:110","2021-06-06",20930,29209,44070,55117,52324,48532,42181,49982,0,0,0,10,37,105,268,702,4724,0,NA,NA,NA,NA,NA,NA,0,0,0,0,0,0,0,0,0,0,0,0,0,0,0,0,NA,NA,NA,NA,NA,NA
"1:112","1:111","2021-06-05",20930,29209,44070,55117,52324,48532,42181,49982,0,0,0,10,37,105,268,702,4724,0,NA,NA,NA,NA,NA,NA,11,22,21,34,27,37,32,19,0,0,0,0,0,0,0,1,NA,NA,NA,NA,NA,NA
"1:113","1:112","2021-06-04",20919,29187,44049,55083,52297,48495,42149,49963,0,0,0,10,37,105,268,702,4723,0,NA,NA,NA,NA,NA,NA,8,30,48,40,41,32,30,24,0,0,0,1,0,1,0,1,NA,NA,NA,NA,NA,NA
"1:114","1:113","2021-06-03",20911,29157,44001,55043,52256,48463,42119,49939,0,0,0,10,36,105,267,702,4722,0,NA,NA,NA,NA,NA,NA,16,18,26,36,33,31,23,14,0,0,0,0,0,0,1,6,NA,NA,NA,NA,NA,NA
"1:115","1:114","2021-06-02",20895,29139,43975,55007,52223,48432,42096,49925,0,0,0,10,36,105,267,701,4716,0,NA,NA,NA,NA,NA,NA,20,15,31,42,51,25,34,24,0,0,0,0,0,1,-1,1,NA,NA,NA,NA,NA,NA
"1:116","1:115","2021-06-01",20875,29124,43944,54965,52172,48407,42062,49901,0,0,0,10,36,105,266,702,4715,0,NA,NA,NA,NA,NA,NA,3,4,9,13,21,9,3,7,0,0,0,0,0,0,-1,2,NA,NA,NA,NA,NA,NA
"1:117","1:116","2021-05-31",20872,29120,43935,54952,52151,48398,42059,49894,0,0,0,10,36,105,266,703,4713,0,NA,NA,NA,NA,NA,NA,1,0,2,5,5,5,6,6,0,0,0,0,1,0,0,0,NA,NA,NA,NA,NA,NA
"1:118","1:117","2021-05-30",20871,29120,43933,54947,52146,48393,42053,49888,0,0,0,10,36,104,266,703,4713,0,NA,NA,NA,NA,NA,NA,7,3,7,8,13,8,10,5,0,0,0,0,0,0,0,2,NA,NA,NA,NA,NA,NA
"1:119","1:118","2021-05-29",20864,29117,43926,54939,52133,48385,42043,49883,0,0,0,10,36,104,266,703,4711,0,NA,NA,NA,NA,NA,NA,14,20,19,28,23,27,18,11,0,0,0,0,0,0,0,0,NA,NA,NA,NA,NA,NA
"1:120","1:119","2021-05-28",20850,29097,43907,54911,52110,48358,42025,49872,0,0,0,10,36,104,266,703,4711,0,NA,NA,NA,NA,NA,NA,17,24,30,40,32,29,14,28,0,0,0,0,0,0,1,0,NA,NA,NA,NA,NA,NA
"1:121","1:120","2021-05-27",20833,29073,43877,54871,52078,48329,42011,49844,0,0,0,10,36,104,266,702,4711,0,NA,NA,NA,NA,NA,NA,20,17,28,40,44,32,20,17,0,0,0,0,0,0,0,2,NA,NA,NA,NA,NA,NA
"1:122","1:121","2021-05-26",20813,29056,43849,54831,52034,48297,41991,49827,0,0,0,10,36,104,266,702,4709,0,NA,NA,NA,NA,NA,NA,21,22,21,40,30,20,16,13,0,0,0,0,0,0,0,3,NA,NA,NA,NA,NA,NA
"1:123","1:122","2021-05-25",20792,29034,43828,54791,52004,48277,41975,49814,0,0,0,10,36,104,266,702,4706,0,NA,NA,NA,NA,NA,NA,55,24,40,51,52,38,38,31,0,0,0,0,1,0,1,2,NA,NA,NA,NA,NA,NA
"1:124","1:123","2021-05-24",20737,29010,43788,54740,51952,48239,41937,49783,0,0,0,10,36,103,266,701,4704,0,NA,NA,NA,NA,NA,NA,6,5,6,11,11,2,4,4,0,0,1,0,0,1,0,1,NA,NA,NA,NA,NA,NA
"1:125","1:124","2021-05-23",20731,29005,43782,54729,51941,48237,41933,49779,0,0,0,9,36,103,265,701,4703,0,NA,NA,NA,NA,NA,NA,6,10,14,18,14,15,10,10,0,0,0,0,0,0,0,1,NA,NA,NA,NA,NA,NA
"1:126","1:125","2021-05-22",20725,28995,43768,54711,51927,48222,41923,49769,0,0,0,9,36,103,265,701,4702,0,NA,NA,NA,NA,NA,NA,15,23,25,28,31,22,20,13,0,0,1,0,0,1,0,3,NA,NA,NA,NA,NA,NA
"1:127","1:126","2021-05-21",20710,28972,43743,54683,51896,48200,41903,49756,0,0,0,8,36,103,264,701,4699,0,NA,NA,NA,NA,NA,NA,11,17,29,31,37,30,28,18,0,0,0,0,0,1,1,1,NA,NA,NA,NA,NA,NA
"1:128","1:127","2021-05-20",20699,28955,43714,54652,51859,48170,41875,49738,0,0,0,8,36,103,263,700,4698,0,NA,NA,NA,NA,NA,NA,24,25,31,37,41,30,39,29,0,0,0,0,0,0,2,1,NA,NA,NA,NA,NA,NA
"1:129","1:128","2021-05-19",20675,28930,43683,54615,51818,48140,41836,49709,0,0,0,8,36,103,263,698,4697,0,NA,NA,NA,NA,NA,NA,25,37,25,40,39,27,20,31,0,0,0,0,0,0,0,0,NA,NA,NA,NA,NA,NA
"1:130","1:129","2021-05-18",20650,28893,43658,54575,51779,48113,41816,49678,0,0,0,8,36,103,263,698,4697,0,NA,NA,NA,NA,NA,NA,24,30,33,61,54,41,34,36,0,0,0,1,1,1,1,5,NA,NA,NA,NA,NA,NA
"1:131","1:130","2021-05-17",20626,28863,43625,54514,51725,48072,41782,49642,0,0,0,8,35,102,262,697,4692,0,NA,NA,NA,NA,NA,NA,5,3,10,20,8,11,2,8,0,0,0,0,0,0,0,2,NA,NA,NA,NA,NA,NA
"1:132","1:131","2021-05-16",20621,28860,43615,54494,51717,48061,41780,49634,0,0,0,8,35,102,262,697,4690,0,NA,NA,NA,NA,NA,NA,7,7,25,11,10,14,6,15,0,0,0,0,0,0,0,1,NA,NA,NA,NA,NA,NA
"1:133","1:132","2021-05-15",20614,28853,43590,54483,51707,48047,41774,49619,0,0,0,8,35,102,262,697,4689,0,NA,NA,NA,NA,NA,NA,12,20,30,29,42,31,13,25,0,0,0,0,0,1,1,1,NA,NA,NA,NA,NA,NA
"1:134","1:133","2021-05-14",20602,28833,43560,54454,51665,48016,41761,49594,0,0,0,8,35,102,261,696,4688,0,NA,NA,NA,NA,NA,NA,23,37,34,39,40,34,21,22,0,0,0,0,0,0,1,6,NA,NA,NA,NA,NA,NA
"1:135","1:134","2021-05-13",20579,28796,43526,54415,51625,47982,41740,49572,0,0,0,8,35,102,261,695,4682,0,NA,NA,NA,NA,NA,NA,20,40,24,32,25,14,15,22,0,0,0,0,0,0,1,5,NA,NA,NA,NA,NA,NA
"1:136","1:135","2021-05-12",20559,28756,43502,54383,51600,47968,41725,49550,0,0,0,8,35,102,261,694,4677,0,NA,NA,NA,NA,NA,NA,17,27,28,39,32,31,27,23,0,0,0,0,0,1,1,5,NA,NA,NA,NA,NA,NA
"1:137","1:136","2021-05-11",20542,28729,43474,54344,51568,47937,41698,49527,0,0,0,8,35,102,260,693,4672,0,NA,NA,NA,NA,NA,NA,20,31,25,36,41,32,29,19,0,0,0,0,0,1,2,3,NA,NA,NA,NA,NA,NA
"1:138","1:137","2021-05-10",20522,28698,43449,54308,51527,47905,41669,49508,0,0,0,8,35,102,259,691,4669,0,NA,NA,NA,NA,NA,NA,3,7,11,14,15,8,8,10,0,0,0,0,0,0,0,3,NA,NA,NA,NA,NA,NA
"1:139","1:138","2021-05-09",20519,28691,43438,54294,51512,47897,41661,49498,0,0,0,8,35,102,259,691,4666,0,NA,NA,NA,NA,NA,NA,10,19,5,14,25,7,9,6,0,0,0,0,0,1,0,0,NA,NA,NA,NA,NA,NA
"1:140","1:139","2021-05-08",20509,28672,43433,54280,51487,47890,41652,49492,0,0,0,8,35,102,258,691,4666,0,NA,NA,NA,NA,NA,NA,23,26,33,48,33,36,19,27,0,0,0,0,0,0,1,0,NA,NA,NA,NA,NA,NA
"1:141","1:140","2021-05-07",20486,28646,43400,54232,51454,47854,41633,49465,0,0,0,8,35,102,258,690,4666,0,NA,NA,NA,NA,NA,NA,20,26,26,30,34,41,24,21,0,0,0,0,0,0,0,2,NA,NA,NA,NA,NA,NA
"1:142","1:141","2021-05-06",20466,28620,43374,54202,51420,47813,41609,49444,0,0,0,8,35,102,258,690,4664,0,NA,NA,NA,NA,NA,NA,15,32,16,36,31,14,21,23,0,0,0,0,0,2,0,1,NA,NA,NA,NA,NA,NA
"1:143","1:142","2021-05-05",20451,28588,43358,54166,51389,47799,41588,49421,0,0,0,8,35,102,256,690,4663,0,NA,NA,NA,NA,NA,NA,29,23,43,75,54,34,22,18,0,0,0,0,0,0,0,2,NA,NA,NA,NA,NA,NA
"1:144","1:143","2021-05-04",20422,28565,43315,54091,51335,47765,41566,49403,0,0,0,8,35,102,256,690,4661,0,NA,NA,NA,NA,NA,NA,20,41,36,55,51,42,24,27,0,0,0,0,0,0,1,4,NA,NA,NA,NA,NA,NA
"1:145","1:144","2021-05-03",20402,28524,43279,54036,51284,47723,41542,49376,0,0,0,8,35,102,256,689,4657,0,NA,NA,NA,NA,NA,NA,5,6,4,8,7,13,8,10,0,0,0,0,0,0,1,3,NA,NA,NA,NA,NA,NA
"1:146","1:145","2021-05-02",20397,28518,43275,54028,51277,47710,41534,49366,0,0,0,8,35,102,256,688,4654,0,NA,NA,NA,NA,NA,NA,10,18,20,19,23,19,12,16,0,0,0,0,0,0,0,2,NA,NA,NA,NA,NA,NA
"1:147","1:146","2021-05-01",20387,28500,43255,54009,51254,47691,41522,49350,0,0,0,8,35,102,256,688,4652,0,NA,NA,NA,NA,NA,NA,12,29,38,46,38,33,23,24,0,0,0,0,0,0,0,2,NA,NA,NA,NA,NA,NA
"1:148","1:147","2021-04-30",20375,28471,43217,53963,51216,47658,41499,49326,0,0,0,8,35,102,256,688,4650,0,NA,NA,NA,NA,NA,NA,21,23,31,27,28,19,21,26,0,0,0,0,1,1,0,2,NA,NA,NA,NA,NA,NA
"1:149","1:148","2021-04-29",20354,28448,43186,53936,51188,47639,41478,49300,0,0,0,8,35,101,255,688,4648,0,NA,NA,NA,NA,NA,NA,19,28,42,41,42,31,24,13,0,0,0,0,1,0,3,5,NA,NA,NA,NA,NA,NA
"1:150","1:149","2021-04-28",20335,28420,43144,53895,51146,47608,41454,49287,0,0,0,8,35,100,255,685,4643,0,NA,NA,NA,NA,NA,NA,25,60,43,30,33,47,13,40,0,0,0,0,0,0,1,0,NA,NA,NA,NA,NA,NA
"1:151","1:150","2021-04-27",20310,28360,43101,53865,51113,47561,41441,49247,0,0,0,8,35,100,255,684,4643,0,NA,NA,NA,NA,NA,NA,14,36,33,43,33,32,17,21,0,0,0,0,0,0,0,5,NA,NA,NA,NA,NA,NA
"1:152","1:151","2021-04-26",20296,28324,43068,53822,51080,47529,41424,49226,0,0,0,8,35,100,255,684,4638,0,NA,NA,NA,NA,NA,NA,2,3,4,14,16,5,8,11,0,0,0,0,0,0,0,2,NA,NA,NA,NA,NA,NA
"1:153","1:152","2021-04-25",20294,28321,43064,53808,51064,47524,41416,49215,0,0,0,8,35,100,255,684,4636,0,NA,NA,NA,NA,NA,NA,8,2,9,15,6,10,5,9,0,0,0,0,0,0,-1,2,NA,NA,NA,NA,NA,NA
"1:154","1:153","2021-04-24",20286,28319,43055,53793,51058,47514,41411,49206,0,0,0,8,35,100,255,685,4634,0,NA,NA,NA,NA,NA,NA,8,27,31,31,37,18,14,18,0,0,0,1,0,0,0,0,NA,NA,NA,NA,NA,NA
"1:155","1:154","2021-04-23",20278,28292,43024,53762,51021,47496,41397,49188,0,0,0,8,34,100,255,685,4634,0,NA,NA,NA,NA,NA,NA,12,31,39,42,33,26,29,24,0,0,0,0,0,0,2,3,NA,NA,NA,NA,NA,NA
"1:156","1:155","2021-04-22",20266,28261,42985,53720,50988,47470,41368,49164,0,0,0,8,34,100,255,683,4631,0,NA,NA,NA,NA,NA,NA,16,14,20,21,33,19,18,20,0,0,0,0,0,1,1,1,NA,NA,NA,NA,NA,NA
"1:157","1:156","2021-04-21",20250,28247,42965,53699,50955,47451,41350,49144,0,0,0,8,34,100,254,682,4630,0,NA,NA,NA,NA,NA,NA,29,44,61,55,46,46,42,29,0,0,0,0,0,0,0,2,NA,NA,NA,NA,NA,NA
"1:158","1:157","2021-04-20",20221,28203,42904,53644,50909,47405,41308,49115,0,0,0,8,34,100,254,682,4628,0,NA,NA,NA,NA,NA,NA,19,28,23,34,32,21,20,21,0,0,0,0,0,0,1,6,NA,NA,NA,NA,NA,NA
"1:159","1:158","2021-04-19",20202,28175,42881,53610,50877,47384,41288,49094,0,0,0,8,34,100,254,681,4622,0,NA,NA,NA,NA,NA,NA,1,7,6,8,10,10,9,8,0,0,0,0,1,0,1,3,NA,NA,NA,NA,NA,NA
"1:160","1:159","2021-04-18",20201,28168,42875,53602,50867,47374,41279,49086,0,0,0,8,34,99,254,680,4619,0,NA,NA,NA,NA,NA,NA,6,6,7,5,6,5,4,6,0,0,0,0,0,0,1,0,NA,NA,NA,NA,NA,NA
"1:161","1:160","2021-04-17",20195,28162,42868,53597,50861,47369,41275,49080,0,0,0,8,34,99,254,679,4619,0,NA,NA,NA,NA,NA,NA,17,25,30,41,28,26,28,26,0,0,0,0,0,0,0,1,NA,NA,NA,NA,NA,NA
"1:162","1:161","2021-04-16",20178,28137,42838,53556,50833,47343,41247,49054,0,0,0,8,34,99,254,679,4618,0,NA,NA,NA,NA,NA,NA,22,26,24,39,35,28,34,29,0,0,0,0,-1,1,2,4,NA,NA,NA,NA,NA,NA
"1:163","1:162","2021-04-15",20156,28111,42814,53517,50798,47315,41213,49025,0,0,0,8,34,100,253,677,4614,0,NA,NA,NA,NA,NA,NA,24,27,32,50,52,38,31,29,0,0,0,0,1,0,-1,6,NA,NA,NA,NA,NA,NA
"1:164","1:163","2021-04-14",20132,28084,42782,53467,50746,47277,41182,48996,0,0,0,8,34,99,253,678,4608,0,NA,NA,NA,NA,NA,NA,21,25,23,33,37,30,28,23,0,0,0,0,0,0,2,5,NA,NA,NA,NA,NA,NA
"1:165","1:164","2021-04-13",20111,28059,42759,53434,50709,47247,41154,48973,0,0,0,8,34,99,253,676,4603,0,NA,NA,NA,NA,NA,NA,24,20,26,36,31,29,29,29,0,0,0,0,2,1,2,3,NA,NA,NA,NA,NA,NA
"1:166","1:165","2021-04-12",20087,28039,42733,53398,50678,47218,41125,48944,0,0,0,8,34,97,252,674,4600,0,NA,NA,NA,NA,NA,NA,6,4,8,13,14,12,8,4,0,0,0,0,0,0,2,2,NA,NA,NA,NA,NA,NA
"1:167","1:166","2021-04-11",20081,28035,42725,53385,50664,47206,41117,48940,0,0,0,8,34,97,252,672,4598,0,NA,NA,NA,NA,NA,NA,5,6,20,25,18,13,6,7,0,0,0,0,0,0,0,0,NA,NA,NA,NA,NA,NA
"1:168","1:167","2021-04-10",20076,28029,42705,53360,50646,47193,41111,48933,0,0,0,8,34,97,252,672,4598,0,NA,NA,NA,NA,NA,NA,13,22,28,28,22,25,15,18,0,0,0,0,0,0,0,0,NA,NA,NA,NA,NA,NA
"1:169","1:168","2021-04-09",20063,28007,42677,53332,50624,47168,41096,48915,0,0,0,8,34,97,252,672,4598,0,NA,NA,NA,NA,NA,NA,21,18,22,35,31,21,15,15,0,0,0,0,0,0,0,-1,NA,NA,NA,NA,NA,NA
"1:170","1:169","2021-04-08",20042,27989,42655,53297,50593,47147,41081,48900,0,0,0,8,34,97,252,672,4599,0,NA,NA,NA,NA,NA,NA,14,20,41,44,23,27,13,17,0,0,0,0,0,0,-1,3,NA,NA,NA,NA,NA,NA
"1:171","1:170","2021-04-07",20028,27969,42614,53253,50570,47120,41068,48883,0,0,0,8,34,97,252,673,4596,0,NA,NA,NA,NA,NA,NA,11,28,37,41,33,32,35,27,0,0,0,0,1,0,3,3,NA,NA,NA,NA,NA,NA
"1:172","1:171","2021-04-06",20017,27941,42577,53212,50537,47088,41033,48856,0,0,0,8,34,96,252,670,4593,0,NA,NA,NA,NA,NA,NA,6,14,36,25,27,26,18,11,0,0,0,0,0,1,1,3,NA,NA,NA,NA,NA,NA
"1:173","1:172","2021-04-05",20011,27927,42541,53187,50510,47062,41015,48845,0,0,0,8,34,96,251,669,4590,0,NA,NA,NA,NA,NA,NA,-3,2,7,10,4,11,7,6,0,0,0,1,0,0,0,4,NA,NA,NA,NA,NA,NA
"1:174","1:173","2021-04-04",20014,27925,42534,53177,50506,47051,41008,48839,0,0,0,8,33,96,251,669,4586,0,NA,NA,NA,NA,NA,NA,7,7,14,21,0,0,1,1,0,0,0,0,0,0,1,1,NA,NA,NA,NA,NA,NA
"1:175","1:174","2021-04-03",20007,27918,42520,53156,50497,47038,41001,48833,0,0,0,8,33,96,251,668,4585,0,NA,NA,NA,NA,NA,NA,14,20,36,29,38,37,25,18,0,0,0,0,0,0,0,2,NA,NA,NA,NA,NA,NA
"1:176","1:175","2021-04-02",19993,27898,42484,53127,50459,47001,40976,48815,0,0,0,8,33,96,251,668,4583,0,NA,NA,NA,NA,NA,NA,15,27,12,21,26,16,13,14,0,0,0,0,0,0,0,3,NA,NA,NA,NA,NA,NA
"1:177","1:176","2021-04-01",19978,27871,42472,53106,50433,46985,40963,48801,0,0,0,8,33,96,251,668,4580,0,NA,NA,NA,NA,NA,NA,15,15,26,39,32,35,24,25,0,0,1,0,-1,1,5,4,NA,NA,NA,NA,NA,NA
"1:178","1:177","2021-03-31",19963,27856,42446,53067,50401,46950,40939,48776,0,0,0,7,33,97,250,663,4576,0,NA,NA,NA,NA,NA,NA,14,23,32,36,34,29,16,28,0,0,0,0,0,1,2,7,NA,NA,NA,NA,NA,NA
"1:179","1:178","2021-03-30",19949,27833,42414,53031,50367,46921,40923,48748,0,0,0,7,33,97,249,661,4569,0,NA,NA,NA,NA,NA,NA,13,22,35,41,42,38,36,30,0,0,0,0,0,1,3,17,NA,NA,NA,NA,NA,NA
"1:180","1:179","2021-03-28",19936,27811,42379,52990,50325,46883,40887,48718,0,0,0,7,33,97,248,658,4552,0,NA,NA,NA,NA,NA,NA,7,7,14,9,12,7,9,4,0,0,0,0,0,0,0,5,NA,NA,NA,NA,NA,NA
"1:181","1:180","2021-03-27",19929,27804,42365,52981,50313,46876,40878,48714,0,0,0,7,33,97,248,658,4547,0,NA,NA,NA,NA,NA,NA,9,16,15,37,24,28,17,19,0,0,0,0,0,1,0,6,NA,NA,NA,NA,NA,NA
"1:182","1:181","2021-03-26",19920,27788,42350,52944,50289,46848,40861,48695,0,0,0,7,33,97,247,658,4541,0,NA,NA,NA,NA,NA,NA,18,8,28,43,25,31,15,16,0,0,0,0,1,1,2,8,NA,NA,NA,NA,NA,NA
"1:183","1:182","2021-03-25",19902,27780,42322,52901,50264,46817,40846,48679,0,0,0,7,33,96,246,656,4533,0,NA,NA,NA,NA,NA,NA,17,35,40,52,61,44,38,47,0,0,0,0,1,1,3,6,NA,NA,NA,NA,NA,NA
"1:184","1:183","2021-03-24",19885,27745,42282,52849,50203,46773,40808,48632,0,0,0,7,33,95,245,653,4527,0,NA,NA,NA,NA,NA,NA,8,11,23,34,32,33,30,60,0,0,0,0,0,1,1,11,NA,NA,NA,NA,NA,NA
"1:185","1:184","2021-03-23",19877,27734,42259,52815,50171,46740,40778,48572,0,0,0,7,33,95,244,652,4516,0,NA,NA,NA,NA,NA,NA,13,17,29,30,37,34,31,48,0,0,0,0,1,0,0,2,NA,NA,NA,NA,NA,NA
"1:186","1:185","2021-03-22",19864,27717,42230,52785,50134,46706,40747,48524,0,0,0,7,33,94,244,652,4514,0,NA,NA,NA,NA,NA,NA,4,4,9,9,8,2,9,7,0,0,0,0,0,0,0,5,NA,NA,NA,NA,NA,NA
"1:187","1:186","2021-03-21",19860,27713,42221,52776,50126,46704,40738,48517,0,0,0,7,33,94,244,652,4509,0,NA,NA,NA,NA,NA,NA,2,9,16,13,18,15,16,19,0,0,0,0,0,0,-1,7,NA,NA,NA,NA,NA,NA
"1:188","1:187","2021-03-20",19858,27704,42205,52763,50108,46689,40722,48498,0,0,0,7,33,94,244,653,4502,0,NA,NA,NA,NA,NA,NA,19,31,30,52,43,36,41,22,0,0,0,0,0,0,0,4,NA,NA,NA,NA,NA,NA
"1:189","1:188","2021-03-19",19839,27673,42175,52711,50065,46653,40681,48476,0,0,0,7,33,94,244,653,4498,0,NA,NA,NA,NA,NA,NA,17,21,21,38,23,27,32,49,0,0,0,0,0,2,3,9,NA,NA,NA,NA,NA,NA
"1:190","1:189","2021-03-18",19822,27652,42154,52673,50042,46626,40649,48427,0,0,0,7,33,94,242,650,4489,0,NA,NA,NA,NA,NA,NA,20,30,29,44,38,35,27,41,0,0,0,0,1,-1,3,5,NA,NA,NA,NA,NA,NA
"1:191","1:190","2021-03-17",19802,27622,42125,52629,50004,46591,40622,48386,0,0,0,7,33,93,243,647,4484,0,NA,NA,NA,NA,NA,NA,21,21,30,35,60,48,44,66,0,0,0,0,1,1,3,9,NA,NA,NA,NA,NA,NA
"1:192","1:191","2021-03-16",19781,27601,42095,52594,49944,46543,40578,48320,0,0,0,7,33,92,242,644,4475,0,NA,NA,NA,NA,NA,NA,10,35,58,62,61,58,53,59,0,0,0,0,2,2,2,6,NA,NA,NA,NA,NA,NA
"1:193","1:192","2021-03-15",19771,27566,42037,52532,49883,46485,40525,48261,0,0,0,7,33,90,240,642,4469,0,NA,NA,NA,NA,NA,NA,6,14,23,29,14,14,6,11,0,0,0,0,0,1,1,5,NA,NA,NA,NA,NA,NA
"1:194","1:193","2021-03-14",19765,27552,42014,52503,49869,46471,40519,48250,0,0,0,7,33,90,239,641,4464,0,NA,NA,NA,NA,NA,NA,0,15,16,21,20,20,14,24,0,0,0,0,1,0,4,14,NA,NA,NA,NA,NA,NA
"1:195","1:194","2021-03-13",19765,27537,41998,52482,49849,46451,40505,48226,0,0,0,7,33,89,239,637,4450,0,NA,NA,NA,NA,NA,NA,18,20,30,60,58,44,45,39,0,0,0,0,1,2,3,12,NA,NA,NA,NA,NA,NA
"1:196","1:195","2021-03-12",19747,27517,41968,52422,49791,46407,40460,48187,0,0,0,7,33,88,237,634,4438,0,NA,NA,NA,NA,NA,NA,35,38,44,78,58,57,59,90,0,0,0,0,1,2,2,22,NA,NA,NA,NA,NA,NA
"1:197","1:196","2021-03-11",19712,27479,41924,52344,49733,46350,40401,48097,0,0,0,7,33,87,235,632,4416,0,NA,NA,NA,NA,NA,NA,20,36,55,27,52,44,51,55,0,0,0,0,0,1,3,24,NA,NA,NA,NA,NA,NA
"1:198","1:197","2021-03-10",19692,27443,41869,52317,49681,46306,40350,48042,0,0,0,7,33,87,234,629,4392,0,NA,NA,NA,NA,NA,NA,13,24,32,45,55,41,33,74,0,0,0,0,0,1,4,20,NA,NA,NA,NA,NA,NA
"1:199","1:198","2021-03-09",19679,27419,41837,52272,49626,46265,40317,47968,0,0,0,7,33,87,233,625,4372,0,NA,NA,NA,NA,NA,NA,22,35,52,54,54,46,51,118,0,0,1,0,1,1,0,11,NA,NA,NA,NA,NA,NA
"1:200","1:199","2021-03-08",19657,27384,41785,52218,49572,46219,40266,47850,0,0,0,6,33,86,232,625,4361,0,NA,NA,NA,NA,NA,NA,8,11,9,24,15,15,16,35,0,0,0,0,0,1,2,21,NA,NA,NA,NA,NA,NA
"1:201","1:200","2021-03-07",19649,27373,41776,52194,49557,46204,40250,47815,0,0,0,6,33,86,231,623,4340,0,NA,NA,NA,NA,NA,NA,7,10,22,25,18,23,26,34,0,0,0,0,0,1,2,19,NA,NA,NA,NA,NA,NA
"1:202","1:201","2021-03-06",19642,27363,41754,52169,49539,46181,40224,47781,0,0,0,6,33,86,230,621,4321,0,NA,NA,NA,NA,NA,NA,22,30,34,54,48,38,42,59,0,0,0,0,1,0,1,12,NA,NA,NA,NA,NA,NA
"1:203","1:202","2021-03-05",19620,27333,41720,52115,49491,46143,40182,47722,0,0,0,6,33,85,230,620,4309,0,NA,NA,NA,NA,NA,NA,41,58,79,79,82,79,71,81,0,0,0,0,0,0,1,9,NA,NA,NA,NA,NA,NA
"1:204","1:203","2021-03-04",19579,27275,41641,52036,49409,46064,40111,47641,0,0,0,6,33,85,230,619,4300,0,NA,NA,NA,NA,NA,NA,27,29,40,74,68,61,48,56,0,0,0,0,2,1,0,9,NA,NA,NA,NA,NA,NA
"1:205","1:204","2021-03-03",19552,27246,41601,51962,49341,46003,40063,47585,0,0,0,6,33,83,229,619,4291,0,NA,NA,NA,NA,NA,NA,34,36,41,70,71,44,52,56,0,0,0,0,1,0,3,3,NA,NA,NA,NA,NA,NA
"1:206","1:205","2021-03-02",19518,27210,41560,51892,49270,45959,40011,47529,0,0,0,6,33,82,229,616,4288,0,NA,NA,NA,NA,NA,NA,13,31,40,67,66,58,64,101,0,0,0,0,0,0,1,3,NA,NA,NA,NA,NA,NA
"1:207","1:206","2021-03-01",19505,27179,41520,51825,49204,45901,39947,47428,0,0,0,6,33,82,229,615,4285,0,NA,NA,NA,NA,NA,NA,12,14,6,19,14,15,17,-3,0,0,0,0,0,0,3,4,NA,NA,NA,NA,NA,NA
"1:208","1:207","2021-02-28",19493,27165,41514,51806,49190,45886,39930,47431,0,0,0,6,33,82,229,612,4281,0,NA,NA,NA,NA,NA,NA,238,2,369,638,566,515,480,412,0,0,0,-5,-1,-9,-24,-135,NA,NA,NA,NA,NA,NA
"1:209","1:208","2021-02-27",19255,27163,41145,51168,48624,45371,39450,47019,0,0,0,6,38,83,238,636,4416,0,NA,NA,NA,NA,NA,NA,27,26,75,94,119,70,64,82,0,0,0,0,0,1,1,8,NA,NA,NA,NA,NA,NA
"1:210","1:209","2021-02-26",19228,27137,41070,51074,48505,45301,39386,46937,0,0,0,6,38,83,237,635,4408,0,NA,NA,NA,NA,NA,NA,36,33,76,67,79,90,55,80,0,0,0,0,0,0,2,8,NA,NA,NA,NA,NA,NA
"1:211","1:210","2021-02-25",19192,27104,40994,51007,48426,45211,39331,46857,0,0,0,6,38,83,237,633,4400,0,NA,NA,NA,NA,NA,NA,43,42,91,105,108,101,120,116,0,0,0,0,0,1,3,6,NA,NA,NA,NA,NA,NA
"1:212","1:211","2021-02-24",19149,27062,40903,50902,48318,45110,39211,46741,0,0,0,6,38,83,236,630,4394,0,NA,NA,NA,NA,NA,NA,70,86,74,136,103,126,99,109,0,0,0,0,0,2,1,7,NA,NA,NA,NA,NA,NA
"1:213","1:212","2021-02-23",19079,26976,40829,50766,48215,44984,39112,46632,0,0,0,6,38,83,234,629,4387,0,NA,NA,NA,NA,NA,NA,66,69,85,134,156,110,106,108,0,0,0,0,0,1,4,9,NA,NA,NA,NA,NA,NA
"1:214","1:213","2021-02-22",19013,26907,40744,50632,48059,44874,39006,46524,0,0,0,6,38,83,233,625,4378,0,NA,NA,NA,NA,NA,NA,8,15,24,45,32,41,35,45,0,0,0,0,0,0,0,6,NA,NA,NA,NA,NA,NA
"1:215","1:214","2021-02-21",19005,26892,40720,50587,48027,44833,38971,46479,0,0,0,6,38,83,233,625,4372,0,NA,NA,NA,NA,NA,NA,17,30,30,43,61,40,32,31,0,0,0,0,0,0,1,8,NA,NA,NA,NA,NA,NA
"1:216","1:215","2021-02-20",18988,26862,40690,50544,47966,44793,38939,46448,0,0,0,6,38,83,233,624,4364,0,NA,NA,NA,NA,NA,NA,40,29,62,79,82,81,70,74,0,0,0,0,0,2,1,9,NA,NA,NA,NA,NA,NA
"1:217","1:216","2021-02-19",18948,26833,40628,50465,47884,44712,38869,46374,0,0,0,6,38,83,231,623,4355,0,NA,NA,NA,NA,NA,NA,19,12,43,42,47,27,34,44,0,0,0,0,0,2,1,10,NA,NA,NA,NA,NA,NA
"1:218","1:217","2021-02-18",18929,26821,40585,50423,47837,44685,38835,46330,0,0,0,6,38,83,229,622,4345,0,NA,NA,NA,NA,NA,NA,17,11,34,34,47,25,38,47,0,0,0,0,0,0,1,9,NA,NA,NA,NA,NA,NA
"1:219","1:218","2021-02-17",18912,26810,40551,50389,47790,44660,38797,46283,0,0,0,6,38,83,229,621,4336,0,NA,NA,NA,NA,NA,NA,33,65,70,108,91,101,104,95,0,0,0,0,0,1,7,18,NA,NA,NA,NA,NA,NA
"1:220","1:219","2021-02-16",18879,26745,40481,50281,47699,44559,38693,46188,0,0,0,6,38,83,228,614,4318,0,NA,NA,NA,NA,NA,NA,13,15,15,22,19,28,35,30,0,0,0,0,0,1,1,10,NA,NA,NA,NA,NA,NA
"1:221","1:220","2021-02-15",18866,26730,40466,50259,47680,44531,38658,46158,0,0,0,6,38,83,227,613,4308,0,NA,NA,NA,NA,NA,NA,21,19,41,53,70,31,49,36,0,0,0,0,0,0,0,10,NA,NA,NA,NA,NA,NA
"1:222","1:221","2021-02-14",18845,26711,40425,50206,47610,44500,38609,46122,0,0,0,6,38,83,227,613,4298,0,NA,NA,NA,NA,NA,NA,29,44,58,80,70,63,58,64,0,0,0,0,0,0,4,9,NA,NA,NA,NA,NA,NA
"1:223","1:222","2021-02-13",18816,26667,40367,50126,47540,44437,38551,46058,0,0,0,6,38,83,227,609,4289,0,NA,NA,NA,NA,NA,NA,52,106,116,163,131,130,124,132,0,0,0,0,2,0,3,35,NA,NA,NA,NA,NA,NA
"1:224","1:223","2021-02-12",18764,26561,40251,49963,47409,44307,38427,45926,0,0,0,6,38,81,227,606,4254,0,NA,NA,NA,NA,NA,NA,17,60,87,99,86,82,74,60,0,0,0,0,0,0,1,12,NA,NA,NA,NA,NA,NA
"1:225","1:224","2021-02-11",18747,26501,40164,49864,47323,44225,38353,45866,0,0,0,6,38,81,227,605,4242,0,NA,NA,NA,NA,NA,NA,104,125,130,183,153,162,117,129,0,0,0,0,1,2,2,20,NA,NA,NA,NA,NA,NA
"1:226","1:225","2021-02-10",18643,26376,40034,49681,47170,44063,38236,45737,0,0,0,6,38,80,225,603,4222,0,NA,NA,NA,NA,NA,NA,88,111,98,168,168,158,133,168,0,0,0,0,1,1,3,21,NA,NA,NA,NA,NA,NA
"1:227","1:226","2021-02-09",18555,26265,39936,49513,47002,43905,38103,45569,0,0,0,6,38,79,224,600,4201,0,NA,NA,NA,NA,NA,NA,120,155,168,232,214,206,168,212,0,0,0,1,1,2,3,35,NA,NA,NA,NA,NA,NA
"1:228","1:227","2021-02-08",18435,26110,39768,49281,46788,43699,37935,45357,0,0,0,6,37,78,222,597,4166,0,NA,NA,NA,NA,NA,NA,44,48,80,93,102,91,97,82,0,0,0,0,2,2,4,22,NA,NA,NA,NA,NA,NA
"1:229","1:228","2021-02-07",18391,26062,39688,49188,46686,43608,37838,45275,0,0,0,6,37,76,220,593,4144,0,NA,NA,NA,NA,NA,NA,54,61,78,92,100,82,87,118,0,0,0,0,0,2,3,10,NA,NA,NA,NA,NA,NA
"1:230","1:229","2021-02-06",18337,26001,39610,49096,46586,43526,37751,45157,0,0,0,6,37,76,218,590,4134,0,NA,NA,NA,NA,NA,NA,130,154,162,182,185,176,160,192,0,0,0,0,0,0,2,9,NA,NA,NA,NA,NA,NA
"1:231","1:230","2021-02-05",18207,25847,39448,48914,46401,43350,37591,44965,0,0,0,6,37,76,218,588,4125,0,NA,NA,NA,NA,NA,NA,139,269,175,236,258,242,246,259,0,0,0,0,0,0,4,37,NA,NA,NA,NA,NA,NA
"1:232","1:231","2021-02-04",18068,25578,39273,48678,46143,43108,37345,44706,0,0,0,6,37,76,218,584,4088,0,NA,NA,NA,NA,NA,NA,173,221,262,361,381,357,360,354,0,0,0,1,0,1,3,19,NA,NA,NA,NA,NA,NA
"1:233","1:232","2021-02-03",17895,25357,39011,48317,45762,42751,36985,44352,0,0,0,6,36,76,217,581,4069,0,NA,NA,NA,NA,NA,NA,170,251,294,351,331,367,301,361,0,0,0,0,1,2,8,35,NA,NA,NA,NA,NA,NA
"1:234","1:233","2021-02-02",17725,25106,38717,47966,45431,42384,36684,43991,0,0,0,6,36,75,215,573,4034,0,NA,NA,NA,NA,NA,NA,107,159,144,211,253,212,196,228,0,0,0,1,1,3,5,34,NA,NA,NA,NA,NA,NA
"1:235","1:234","2021-02-01",17618,24947,38573,47755,45178,42172,36488,43763,0,0,0,6,35,74,212,568,4000,0,NA,NA,NA,NA,NA,NA,70,110,124,211,171,181,172,187,0,0,0,0,0,0,1,26,NA,NA,NA,NA,NA,NA
"1:236","1:235","2021-01-31",17548,24837,38449,47544,45007,41991,36316,43576,0,0,0,6,35,74,212,567,3974,0,NA,NA,NA,NA,NA,NA,81,119,111,130,121,100,79,140,0,0,0,0,1,0,7,22,NA,NA,NA,NA,NA,NA
"1:237","1:236","2021-01-30",17467,24718,38338,47414,44886,41891,36237,43436,0,0,0,6,35,73,212,560,3952,0,NA,NA,NA,NA,NA,NA,132,184,182,269,261,242,251,303,0,0,0,0,0,0,0,7,NA,NA,NA,NA,NA,NA
"1:238","1:237","2021-01-29",17335,24534,38156,47145,44625,41649,35986,43133,0,0,0,6,35,73,212,560,3945,0,NA,NA,NA,NA,NA,NA,137,254,200,235,241,222,196,222,0,0,0,0,0,2,6,39,NA,NA,NA,NA,NA,NA
"1:239","1:238","2021-01-28",17198,24280,37956,46910,44384,41427,35790,42911,0,0,0,6,35,73,210,554,3906,0,NA,NA,NA,NA,NA,NA,150,250,220,325,271,216,242,218,0,0,0,0,1,0,6,35,NA,NA,NA,NA,NA,NA
"1:240","1:239","2021-01-27",17048,24030,37736,46585,44113,41211,35548,42693,0,0,0,6,35,72,210,548,3871,0,NA,NA,NA,NA,NA,NA,124,243,185,275,248,257,210,235,0,0,1,0,0,2,5,44,NA,NA,NA,NA,NA,NA
"1:241","1:240","2021-01-26",16924,23787,37551,46310,43865,40954,35338,42458,0,0,0,5,35,72,208,543,3827,0,NA,NA,NA,NA,NA,NA,193,329,285,313,371,361,294,339,0,0,0,1,0,2,5,32,NA,NA,NA,NA,NA,NA
"1:242","1:241","2021-01-25",16731,23458,37266,45997,43494,40593,35044,42119,0,0,0,5,34,72,206,538,3795,0,NA,NA,NA,NA,NA,NA,51,53,63,103,95,84,72,115,0,0,0,0,0,0,4,40,NA,NA,NA,NA,NA,NA
"1:243","1:242","2021-01-24",16680,23405,37203,45894,43399,40509,34972,42004,0,0,0,5,34,72,206,534,3755,0,NA,NA,NA,NA,NA,NA,97,164,102,133,137,163,123,152,0,0,0,0,0,2,2,39,NA,NA,NA,NA,NA,NA
"1:244","1:243","2021-01-23",16583,23241,37101,45761,43262,40346,34849,41852,0,0,0,5,34,72,204,532,3716,0,NA,NA,NA,NA,NA,NA,117,165,213,253,241,206,202,216,0,0,0,0,0,2,1,11,NA,NA,NA,NA,NA,NA
"1:245","1:244","2021-01-22",16466,23076,36888,45508,43021,40140,34647,41636,0,0,0,5,34,72,202,531,3705,0,NA,NA,NA,NA,NA,NA,166,261,241,295,284,280,275,360,0,0,0,1,0,0,7,45,NA,NA,NA,NA,NA,NA
"1:246","1:245","2021-01-21",16300,22815,36647,45213,42737,39860,34372,41276,0,0,0,5,33,72,202,524,3660,0,NA,NA,NA,NA,NA,NA,235,323,361,466,447,448,401,425,NA,NA,0,0,0,1,11,43,NA,NA,NA,NA,NA,NA
"1:247","1:246","2021-01-20",16065,22492,36286,44747,42290,39412,33971,40851,NA,NA,NA,5,33,72,201,513,3617,NA,NA,NA,NA,NA,NA,NA,122,264,282,391,381,373,372,335,NA,NA,0,0,0,1,9,45,NA,NA,NA,NA,NA,NA
"1:248","1:247","2021-01-19",15943,22228,36004,44356,41909,39039,33599,40516,0,0,0,5,33,72,200,504,3572,0,NA,NA,NA,NA,NA,NA,40,107,173,204,215,215,182,195,0,0,0,1,0,2,9,31,NA,NA,NA,NA,NA,NA
"1:249","1:248","2021-01-18",15903,22121,35831,44152,41694,38824,33417,40321,0,0,0,5,32,72,198,495,3541,0,NA,NA,NA,NA,NA,NA,176,85,115,154,191,130,114,144,0,0,0,0,0,0,3,29,NA,NA,NA,NA,NA,NA
"1:250","1:249","2021-01-17",15727,22036,35716,43998,41503,38694,33303,40177,0,0,0,5,32,72,198,492,3512,0,NA,NA,NA,NA,NA,NA,74,97,127,147,149,126,118,138,0,0,0,0,0,2,0,16,NA,NA,NA,NA,NA,NA
"1:251","1:250","2021-01-16",15653,21939,35589,43851,41354,38568,33185,40039,0,0,0,5,32,72,196,492,3496,0,NA,NA,NA,NA,NA,NA,165,281,330,392,372,357,305,341,0,0,0,0,0,0,4,26,NA,NA,NA,NA,NA,NA
"1:252","1:251","2021-01-15",15488,21658,35259,43459,40982,38211,32880,39698,0,0,0,5,32,72,196,488,3470,0,NA,NA,NA,NA,NA,NA,231,339,344,467,456,459,398,430,0,0,0,0,0,3,6,26,NA,NA,NA,NA,NA,NA
"1:253","1:252","2021-01-14",15257,21319,34915,42992,40526,37752,32482,39268,0,0,0,5,32,72,193,482,3444,0,NA,NA,NA,NA,NA,NA,168,258,303,385,332,402,303,340,0,0,0,0,1,3,2,36,NA,NA,NA,NA,NA,NA
"1:254","1:253","2021-01-13",15089,21061,34612,42607,40194,37350,32179,38928,0,0,0,5,32,71,190,480,3408,0,NA,NA,NA,NA,NA,NA,151,275,294,383,350,324,295,395,0,0,0,0,1,2,8,54,NA,NA,NA,NA,NA,NA
"1:255","1:254","2021-01-12",14938,20786,34318,42224,39844,37026,31884,38533,0,0,0,5,32,70,188,472,3354,0,NA,NA,NA,NA,NA,NA,207,299,402,513,449,453,420,466,0,0,0,0,0,2,6,32,NA,NA,NA,NA,NA,NA
"1:256","1:255","2021-01-11",14731,20487,33916,41711,39395,36573,31464,38067,0,0,0,5,32,70,186,466,3322,0,NA,NA,NA,NA,NA,NA,51,110,183,209,194,162,178,181,0,0,0,0,1,0,6,31,NA,NA,NA,NA,NA,NA
"1:257","1:256","2021-01-10",14680,20377,33733,41502,39201,36411,31286,37886,0,0,0,5,32,69,186,460,3291,0,NA,NA,NA,NA,NA,NA,197,200,413,521,503,506,449,541,0,0,0,0,0,0,1,32,NA,NA,NA,NA,NA,NA
"1:258","1:257","2021-01-09",14483,20177,33320,40981,38698,35905,30837,37345,0,0,0,5,32,69,186,459,3259,0,NA,NA,NA,NA,NA,NA,197,297,397,475,389,397,321,413,0,0,0,0,0,4,6,34,NA,NA,NA,NA,NA,NA
"1:259","1:258","2021-01-08",14286,19880,32923,40506,38309,35508,30516,36932,0,0,0,5,32,69,182,453,3225,0,NA,NA,NA,NA,NA,NA,298,241,380,454,407,371,367,426,0,0,0,0,0,1,3,36,NA,NA,NA,NA,NA,NA
"1:260","1:259","2021-01-07",13988,19639,32543,40052,37902,35137,30149,36506,0,0,0,5,32,69,181,450,3189,0,NA,NA,NA,NA,NA,NA,227,389,436,490,492,420,420,449,0,0,0,0,0,0,3,22,NA,NA,NA,NA,NA,NA
"1:261","1:260","2021-01-06",13761,19250,32107,39562,37410,34717,29729,36057,0,0,0,5,32,69,181,447,3167,0,NA,NA,NA,NA,NA,NA,250,359,492,613,552,472,444,523,0,0,0,1,1,1,5,57,NA,NA,NA,NA,NA,NA
"1:262","1:261","2021-01-05",13511,18891,31615,38949,36858,34245,29285,35534,0,0,0,5,31,68,180,442,3110,0,NA,NA,NA,NA,NA,NA,221,369,491,658,654,615,536,563,0,0,0,0,1,-1,2,34,NA,NA,NA,NA,NA,NA
"1:263","1:262","2021-01-04",13290,18522,31124,38291,36204,33630,28749,34971,0,0,0,5,31,67,181,440,3076,0,NA,NA,NA,NA,NA,NA,65,87,173,213,208,178,171,211,0,0,0,0,0,6,6,39,NA,NA,NA,NA,NA,NA
"1:264","1:263","2021-01-03",13225,18435,30951,38078,35996,33452,28578,34760,0,0,0,5,31,67,175,434,3037,0,NA,NA,NA,NA,NA,NA,95,139,234,324,333,288,304,316,0,0,0,0,0,0,4,16,NA,NA,NA,NA,NA,NA
"1:265","1:264","2021-01-02",13130,18296,30717,37754,35663,33164,28274,34444,0,0,0,5,31,67,175,430,3021,0,NA,NA,NA,NA,NA,NA,122,139,279,362,287,283,233,295,0,0,0,0,0,0,0,18,NA,NA,NA,NA,NA,NA
"1:266","1:265","2021-01-01",13008,18157,30438,37392,35376,32881,28041,34149,0,0,0,5,31,67,175,430,3003,0,NA,NA,NA,NA,NA,NA,205,288,548,702,670,625,563,703,0,0,0,0,0,0,5,30,NA,NA,NA,NA,NA,NA
"1:267","1:266","2020-12-31",12803,17869,29890,36690,34706,32256,27478,33446,0,0,0,5,31,67,175,425,2973,0,NA,NA,NA,NA,NA,NA,110,204,340,451,404,392,347,460,0,0,0,1,0,1,5,32,NA,NA,NA,NA,NA,NA
"1:268","1:267","2020-12-30",12693,17665,29550,36239,34302,31864,27131,32986,0,0,0,5,30,67,174,420,2941,0,NA,NA,NA,NA,NA,NA,134,208,410,491,550,459,403,529,0,0,0,1,1,0,4,28,NA,NA,NA,NA,NA,NA
"1:269","1:268","2020-12-29",12559,17457,29140,35748,33752,31405,26728,32457,0,0,0,5,29,66,174,416,2913,0,NA,NA,NA,NA,NA,NA,103,176,321,424,438,430,379,447,0,0,0,0,1,5,6,54,NA,NA,NA,NA,NA,NA
"1:270","1:269","2020-12-28",12456,17281,28819,35324,33314,30975,26349,32010,0,0,0,5,29,65,169,410,2859,0,NA,NA,NA,NA,NA,NA,154,108,166,250,268,247,193,265,0,0,0,0,0,0,2,53,NA,NA,NA,NA,NA,NA
"1:271","1:270","2020-12-27",12302,17173,28653,35074,33046,30728,26156,31745,0,0,0,5,29,65,169,408,2806,0,NA,NA,NA,NA,NA,NA,48,53,81,133,160,128,124,181,0,0,1,0,1,1,4,34,NA,NA,NA,NA,NA,NA
"1:272","1:271","2020-12-26",12254,17120,28572,34941,32886,30600,26032,31564,0,0,0,4,29,64,168,404,2772,0,NA,NA,NA,NA,NA,NA,30,36,71,117,122,110,88,128,0,0,0,0,0,1,0,2,NA,NA,NA,NA,NA,NA
"1:273","1:272","2020-12-25",12224,17084,28501,34824,32764,30490,25944,31436,0,0,0,4,29,64,167,404,2770,0,NA,NA,NA,NA,NA,NA,116,186,241,342,302,318,307,310,0,0,0,0,1,0,2,29,NA,NA,NA,NA,NA,NA
"1:274","1:273","2020-12-24",12108,16898,28260,34482,32462,30172,25637,31126,0,0,0,4,29,63,167,402,2741,0,NA,NA,NA,NA,NA,NA,152,245,350,519,490,480,475,493,0,0,0,0,0,2,1,27,NA,NA,NA,NA,NA,NA
"1:275","1:274","2020-12-23",11956,16653,27910,33963,31972,29692,25162,30633,0,0,0,4,29,63,165,401,2714,0,NA,NA,NA,NA,NA,NA,162,222,318,470,507,428,363,423,0,0,0,0,0,2,4,32,NA,NA,NA,NA,NA,NA
"1:276","1:275","2020-12-22",11794,16431,27592,33493,31465,29264,24799,30210,0,0,0,4,29,63,163,397,2682,0,NA,NA,NA,NA,NA,NA,108,136,167,310,329,313,244,334,0,0,0,0,1,2,4,36,NA,NA,NA,NA,NA,NA
"1:277","1:276","2020-12-21",11686,16295,27425,33183,31136,28951,24555,29876,0,0,0,4,29,62,161,393,2646,0,NA,NA,NA,NA,NA,NA,85,128,169,243,221,174,179,258,0,0,0,0,3,3,7,45,NA,NA,NA,NA,NA,NA
"1:278","1:277","2020-12-20",11601,16167,27256,32940,30915,28777,24376,29618,0,0,0,4,29,59,158,386,2601,0,NA,NA,NA,NA,NA,NA,109,135,193,216,237,195,197,254,0,0,0,1,1,0,4,40,NA,NA,NA,NA,NA,NA
"1:279","1:278","2020-12-19",11492,16032,27063,32724,30678,28582,24179,29364,0,0,0,4,28,58,158,382,2561,0,NA,NA,NA,NA,NA,NA,188,265,273,413,458,383,341,372,0,0,0,-1,0,1,4,48,NA,NA,NA,NA,NA,NA
"1:280","1:279","2020-12-18",11304,15767,26790,32311,30220,28199,23838,28992,0,0,0,4,29,58,157,378,2513,0,NA,NA,NA,NA,NA,NA,180,253,318,457,494,416,379,381,0,0,0,0,0,2,0,25,NA,NA,NA,NA,NA,NA
"1:281","1:280","2020-12-17",11124,15514,26472,31854,29726,27783,23459,28611,0,0,0,4,29,58,155,378,2488,0,NA,NA,NA,NA,NA,NA,192,284,345,472,454,429,407,456,0,0,0,0,1,2,2,33,NA,NA,NA,NA,NA,NA
"1:282","1:281","2020-12-16",10932,15230,26127,31382,29272,27354,23052,28155,0,0,0,4,29,57,153,376,2455,0,NA,NA,NA,NA,NA,NA,138,249,239,344,385,341,301,309,0,0,0,0,2,4,7,45,NA,NA,NA,NA,NA,NA
"1:283","1:282","2020-12-15",10794,14981,25888,31038,28887,27013,22751,27846,0,0,0,4,29,55,149,369,2410,0,NA,NA,NA,NA,NA,NA,139,164,210,328,365,337,296,302,0,0,0,1,0,1,3,21,NA,NA,NA,NA,NA,NA
"1:284","1:283","2020-12-14",10655,14817,25678,30710,28522,26676,22455,27544,0,0,0,4,28,55,148,366,2389,0,NA,NA,NA,NA,NA,NA,99,111,129,216,217,200,171,212,0,0,0,0,1,2,7,35,NA,NA,NA,NA,NA,NA
"1:285","1:284","2020-12-13",10556,14706,25549,30494,28305,26476,22284,27332,0,0,0,4,28,54,146,359,2354,0,NA,NA,NA,NA,NA,NA,87,137,160,209,217,195,198,247,0,0,0,0,0,3,3,28,NA,NA,NA,NA,NA,NA
"1:286","1:285","2020-12-12",10469,14569,25389,30285,28088,26281,22086,27085,0,0,0,4,28,54,143,356,2326,0,NA,NA,NA,NA,NA,NA,178,280,286,426,390,344,301,423,0,0,0,0,0,1,5,30,NA,NA,NA,NA,NA,NA
"1:287","1:286","2020-12-11",10291,14289,25103,29859,27698,25937,21785,26662,0,0,0,4,28,54,142,351,2296,0,NA,NA,NA,NA,NA,NA,155,230,345,475,396,376,349,444,0,0,0,0,0,1,5,49,NA,NA,NA,NA,NA,NA
"1:288","1:287","2020-12-10",10136,14059,24758,29384,27302,25561,21436,26218,0,0,0,4,28,54,141,346,2247,0,NA,NA,NA,NA,NA,NA,47,172,275,402,379,323,273,331,0,0,0,0,0,1,3,30,NA,NA,NA,NA,NA,NA
"1:289","1:288","2020-12-09",10089,13887,24483,28982,26923,25238,21163,25887,0,0,0,4,28,54,140,343,2217,0,NA,NA,NA,NA,NA,NA,120,274,265,336,357,329,302,344,0,0,0,0,0,0,4,30,NA,NA,NA,NA,NA,NA
"1:290","1:289","2020-12-08",9969,13613,24218,28646,26566,24909,20861,25543,0,0,0,4,28,54,140,339,2187,0,NA,NA,NA,NA,NA,NA,193,198,241,339,303,332,302,375,0,0,0,0,1,1,4,33,NA,NA,NA,NA,NA,NA
"1:291","1:290","2020-12-07",9776,13415,23977,28307,26263,24577,20559,25168,0,0,0,4,28,53,139,335,2154,0,NA,NA,NA,NA,NA,NA,64,108,132,175,194,163,128,154,0,0,0,0,0,1,7,45,NA,NA,NA,NA,NA,NA
"1:292","1:291","2020-12-06",9712,13307,23845,28132,26069,24414,20431,25014,0,0,0,4,28,53,138,328,2109,0,NA,NA,NA,NA,NA,NA,95,138,189,253,238,209,179,241,0,0,0,0,2,0,4,34,NA,NA,NA,NA,NA,NA
"1:293","1:292","2020-12-05",9617,13169,23656,27879,25831,24205,20252,24773,0,0,0,4,28,51,138,324,2075,0,NA,NA,NA,NA,NA,NA,162,231,271,369,326,290,267,329,0,0,0,0,0,2,2,30,NA,NA,NA,NA,NA,NA
"1:294","1:293","2020-12-04",9455,12938,23385,27510,25505,23915,19985,24444,0,0,0,4,28,51,136,322,2045,0,NA,NA,NA,NA,NA,NA,178,257,350,477,418,380,351,416,0,0,0,1,0,0,3,27,NA,NA,NA,NA,NA,NA
"1:295","1:294","2020-12-03",9277,12681,23035,27033,25087,23535,19634,24028,0,0,0,4,27,51,136,319,2018,0,NA,NA,NA,NA,NA,NA,177,280,317,430,429,400,306,450,0,0,0,0,1,2,3,27,NA,NA,NA,NA,NA,NA
"1:296","1:295","2020-12-02",9100,12401,22718,26603,24658,23135,19328,23578,0,0,0,4,27,50,134,316,1991,0,NA,NA,NA,NA,NA,NA,122,229,266,314,333,308,274,366,0,0,0,1,0,0,3,6,NA,NA,NA,NA,NA,NA
"1:297","1:296","2020-12-01",8978,12172,22452,26289,24325,22827,19054,23212,0,0,0,4,26,50,134,313,1985,0,NA,NA,NA,NA,NA,NA,113,169,233,306,284,285,236,324,0,0,0,0,0,0,0,10,NA,NA,NA,NA,NA,NA
"1:298","1:297","2020-11-30",8865,12003,22219,25983,24041,22542,18818,22888,0,0,0,4,26,50,134,313,1975,0,NA,NA,NA,NA,NA,NA,41,77,137,197,170,150,154,186,0,0,0,0,0,0,2,30,NA,NA,NA,NA,NA,NA
"1:299","1:298","2020-11-29",8824,11926,22082,25786,23871,22392,18664,22702,0,0,0,4,26,50,134,311,1945,0,NA,NA,NA,NA,NA,NA,36,93,126,223,194,171,172,206,0,0,0,1,-1,0,-2,23,NA,NA,NA,NA,NA,NA
"1:300","1:299","2020-11-28",8788,11833,21956,25563,23677,22221,18492,22496,0,0,0,4,25,51,134,313,1922,0,NA,NA,NA,NA,NA,NA,60,86,142,227,213,220,172,229,0,0,0,0,0,0,2,11,NA,NA,NA,NA,NA,NA
"1:301","1:300","2020-11-27",8728,11747,21814,25336,23464,22001,18320,22267,0,0,0,4,25,51,134,311,1911,0,NA,NA,NA,NA,NA,NA,43,77,111,188,139,156,154,184,0,0,0,0,0,0,0,0,NA,NA,NA,NA,NA,NA
"1:302","1:301","2020-11-26",8685,11670,21703,25148,23325,21845,18166,22083,0,0,0,4,25,51,134,311,1911,0,NA,NA,NA,NA,NA,NA,128,203,245,337,377,369,269,420,0,0,0,0,0,2,0,9,NA,NA,NA,NA,NA,NA
"1:303","1:302","2020-11-25",8557,11467,21458,24811,22948,21476,17897,21663,0,0,0,4,25,51,132,311,1902,0,NA,NA,NA,NA,NA,NA,92,163,255,329,274,287,283,282,0,0,0,0,0,2,1,17,NA,NA,NA,NA,NA,NA
"1:304","1:303","2020-11-24",8465,11304,21203,24482,22674,21189,17614,21381,0,0,0,4,25,51,130,310,1885,0,NA,NA,NA,NA,NA,NA,86,158,233,343,329,372,280,321,0,0,0,0,0,1,3,14,NA,NA,NA,NA,NA,NA
"1:305","1:304","2020-11-23",8379,11146,20970,24139,22345,20817,17334,21060,0,0,0,4,25,51,129,307,1871,0,NA,NA,NA,NA,NA,NA,74,83,103,154,157,139,152,155,0,0,0,0,0,1,3,26,NA,NA,NA,NA,NA,NA
"1:306","1:305","2020-11-22",8305,11063,20867,23985,22188,20678,17182,20905,0,0,0,4,25,51,128,304,1845,0,NA,NA,NA,NA,NA,NA,56,126,185,210,196,188,191,200,0,0,0,0,0,0,0,20,NA,NA,NA,NA,NA,NA
"1:307","1:306","2020-11-21",8249,10937,20682,23775,21992,20490,16991,20705,0,0,0,4,25,51,128,304,1825,0,NA,NA,NA,NA,NA,NA,124,171,216,292,248,270,245,339,0,0,0,0,0,0,2,14,NA,NA,NA,NA,NA,NA
"1:308","1:307","2020-11-20",8125,10766,20466,23483,21744,20220,16746,20366,0,0,0,4,25,51,128,302,1811,0,NA,NA,NA,NA,NA,NA,151,197,237,325,298,304,214,335,0,0,0,0,1,1,3,19,NA,NA,NA,NA,NA,NA
"1:309","1:308","2020-11-19",7974,10569,20229,23158,21446,19916,16532,20031,0,0,0,4,25,50,127,299,1792,0,NA,NA,NA,NA,NA,NA,141,221,275,308,386,316,282,309,0,0,0,0,0,2,1,19,NA,NA,NA,NA,NA,NA
"1:310","1:309","2020-11-18",7833,10348,19954,22850,21060,19600,16250,19722,0,0,0,4,25,50,125,298,1773,0,NA,NA,NA,NA,NA,NA,114,180,203,264,255,235,229,235,0,0,0,0,1,1,4,24,NA,NA,NA,NA,NA,NA
"1:311","1:310","2020-11-17",7719,10168,19751,22586,20805,19365,16021,19487,0,0,0,4,25,49,124,294,1749,0,NA,NA,NA,NA,NA,NA,83,150,189,227,217,234,192,262,0,0,0,0,1,1,0,18,NA,NA,NA,NA,NA,NA
"1:312","1:311","2020-11-16",7636,10018,19562,22359,20588,19131,15829,19225,0,0,0,4,25,48,123,294,1731,0,NA,NA,NA,NA,NA,NA,92,107,150,203,181,176,175,224,0,0,0,0,0,0,5,37,NA,NA,NA,NA,NA,NA
"1:313","1:312","2020-11-15",7544,9911,19412,22156,20407,18955,15654,19001,0,0,0,4,25,48,123,289,1694,0,NA,NA,NA,NA,NA,NA,61,103,87,134,111,129,108,141,0,0,0,0,0,1,1,22,NA,NA,NA,NA,NA,NA
"1:314","1:313","2020-11-14",7483,9808,19325,22022,20296,18826,15546,18860,0,0,0,4,25,48,122,288,1672,0,NA,NA,NA,NA,NA,NA,125,179,232,275,279,266,239,253,0,0,0,0,0,0,1,10,NA,NA,NA,NA,NA,NA
"1:315","1:314","2020-11-13",7358,9629,19093,21747,20017,18560,15307,18607,0,0,0,4,25,48,122,287,1662,0,NA,NA,NA,NA,NA,NA,117,217,263,368,360,338,289,360,0,0,0,0,0,0,0,4,NA,NA,NA,NA,NA,NA
"1:316","1:315","2020-11-12",7241,9412,18830,21379,19657,18222,15018,18247,0,0,0,4,25,48,122,287,1658,0,NA,NA,NA,NA,NA,NA,81,167,261,296,260,266,215,263,0,0,0,1,0,2,3,12,NA,NA,NA,NA,NA,NA
"1:317","1:316","2020-11-11",7160,9245,18569,21083,19397,17956,14803,17984,0,0,0,4,24,48,120,284,1646,0,NA,NA,NA,NA,NA,NA,108,218,255,287,271,265,209,349,0,0,0,0,0,1,2,11,NA,NA,NA,NA,NA,NA
"1:318","1:317","2020-11-10",7052,9027,18314,20796,19126,17691,14594,17635,0,0,0,4,24,48,119,282,1635,0,NA,NA,NA,NA,NA,NA,47,153,180,213,224,216,176,215,0,0,0,0,0,0,0,4,NA,NA,NA,NA,NA,NA
"1:319","1:318","2020-11-09",7005,8874,18134,20583,18902,17475,14418,17420,0,0,0,4,24,48,119,282,1631,0,NA,NA,NA,NA,NA,NA,36,86,121,164,151,134,126,127,0,0,0,0,1,1,1,20,NA,NA,NA,NA,NA,NA
"1:320","1:319","2020-11-08",6969,8788,18013,20419,18751,17341,14292,17293,0,0,0,4,24,47,118,281,1611,0,NA,NA,NA,NA,NA,NA,48,89,153,163,180,141,111,153,0,0,0,0,0,2,0,15,NA,NA,NA,NA,NA,NA
"1:321","1:320","2020-11-07",6921,8699,17860,20256,18571,17200,14181,17140,0,0,0,4,24,47,116,281,1596,0,NA,NA,NA,NA,NA,NA,94,160,201,240,244,217,198,244,0,0,0,0,0,0,1,11,NA,NA,NA,NA,NA,NA
"1:322","1:321","2020-11-06",6827,8539,17659,20016,18327,16983,13983,16896,0,0,0,4,24,47,116,280,1585,0,NA,NA,NA,NA,NA,NA,33,157,225,284,290,281,251,349,0,0,0,0,0,0,2,17,NA,NA,NA,NA,NA,NA
"1:323","1:322","2020-11-05",6794,8382,17434,19732,18037,16702,13732,16547,0,0,0,4,24,47,116,278,1568,0,NA,NA,NA,NA,NA,NA,142,128,193,209,195,207,188,286,0,0,0,0,0,0,2,9,NA,NA,NA,NA,NA,NA
"1:324","1:323","2020-11-04",6652,8254,17241,19523,17842,16495,13544,16261,0,0,0,4,24,47,116,276,1559,0,NA,NA,NA,NA,NA,NA,148,116,169,189,161,177,145,188,0,0,0,0,0,2,2,19,NA,NA,NA,NA,NA,NA
"1:325","1:324","2020-11-03",6504,8138,17072,19334,17681,16318,13399,16073,0,0,0,4,24,47,114,274,1540,0,NA,NA,NA,NA,NA,NA,16,86,84,142,100,140,130,180,0,0,0,0,0,0,3,15,NA,NA,NA,NA,NA,NA
"1:326","1:325","2020-11-02",6488,8052,16988,19192,17581,16178,13269,15893,0,0,0,4,24,47,114,271,1525,0,NA,NA,NA,NA,NA,NA,35,53,58,112,81,85,65,95,0,0,0,0,0,1,2,24,NA,NA,NA,NA,NA,NA
"1:327","1:326","2020-11-01",6453,7999,16930,19080,17500,16093,13204,15798,0,0,0,4,24,47,113,269,1501,0,NA,NA,NA,NA,NA,NA,70,52,79,136,112,125,116,177,0,0,0,0,0,0,4,29,NA,NA,NA,NA,NA,NA
"1:328","1:327","2020-10-31",6383,7947,16851,18944,17388,15968,13088,15621,0,0,0,4,24,47,113,265,1472,0,NA,NA,NA,NA,NA,NA,75,91,138,177,186,188,180,281,0,0,0,1,1,2,2,19,NA,NA,NA,NA,NA,NA
"1:329","1:328","2020-10-30",6308,7856,16713,18767,17202,15780,12908,15340,0,0,0,4,23,46,111,263,1453,0,NA,NA,NA,NA,NA,NA,83,85,143,191,173,175,132,180,0,0,0,0,0,-1,2,5,NA,NA,NA,NA,NA,NA
"1:330","1:329","2020-10-29",6225,7771,16570,18576,17029,15605,12776,15160,0,0,0,4,23,46,112,261,1448,0,NA,NA,NA,NA,NA,NA,51,76,117,155,139,161,134,239,0,0,0,0,0,1,1,17,NA,NA,NA,NA,NA,NA
"1:331","1:330","2020-10-28",6174,7695,16453,18421,16890,15444,12642,14921,0,0,0,4,23,46,111,260,1431,0,NA,NA,NA,NA,NA,NA,30,71,108,162,134,137,129,190,0,0,0,0,0,0,1,17,NA,NA,NA,NA,NA,NA
"1:332","1:331","2020-10-27",6144,7624,16345,18259,16756,15307,12513,14731,0,0,0,4,23,46,111,259,1414,0,NA,NA,NA,NA,NA,NA,46,50,107,167,135,128,138,181,0,0,0,0,0,2,-1,23,NA,NA,NA,NA,NA,NA
"1:333","1:332","2020-10-26",6098,7574,16238,18092,16621,15179,12375,14550,0,0,0,4,23,46,109,260,1391,0,NA,NA,NA,NA,NA,NA,47,42,75,86,97,87,72,106,0,0,0,0,0,0,2,19,NA,NA,NA,NA,NA,NA
"1:334","1:333","2020-10-25",6051,7532,16163,18006,16524,15092,12303,14444,0,0,0,4,23,46,109,258,1372,0,NA,NA,NA,NA,NA,NA,40,53,75,128,115,117,122,147,0,0,0,0,0,0,1,14,NA,NA,NA,NA,NA,NA
"1:335","1:334","2020-10-24",6011,7479,16088,17878,16409,14975,12181,14297,0,0,0,4,23,46,109,257,1358,0,NA,NA,NA,NA,NA,NA,72,97,138,188,151,158,160,219,0,0,0,0,0,0,1,14,NA,NA,NA,NA,NA,NA
"1:336","1:335","2020-10-23",5939,7382,15950,17690,16258,14817,12021,14078,0,0,0,4,23,46,109,256,1344,0,NA,NA,NA,NA,NA,NA,72,96,165,201,177,188,161,277,0,0,0,0,0,1,1,8,NA,NA,NA,NA,NA,NA
"1:337","1:336","2020-10-22",5867,7286,15785,17489,16081,14629,11860,13801,0,0,0,4,23,46,108,255,1336,0,NA,NA,NA,NA,NA,NA,65,90,148,232,172,151,150,194,0,0,1,0,1,0,5,14,NA,NA,NA,NA,NA,NA
"1:338","1:337","2020-10-21",5802,7196,15637,17257,15909,14478,11710,13607,0,0,0,3,23,45,108,250,1322,0,NA,NA,NA,NA,NA,NA,43,99,136,168,161,183,150,215,0,0,0,0,0,1,4,18,NA,NA,NA,NA,NA,NA
"1:339","1:338","2020-10-20",5759,7097,15501,17089,15748,14295,11560,13392,0,0,0,3,23,45,107,246,1304,0,NA,NA,NA,NA,NA,NA,39,64,84,142,149,124,87,155,0,0,0,0,1,0,2,11,NA,NA,NA,NA,NA,NA
"1:340","1:339","2020-10-19",5720,7033,15417,16947,15599,14171,11473,13237,0,0,0,3,23,44,107,244,1293,0,NA,NA,NA,NA,NA,NA,21,37,68,90,85,88,69,73,0,0,0,0,1,1,0,8,NA,NA,NA,NA,NA,NA
"1:341","1:340","2020-10-18",5699,6996,15349,16857,15514,14083,11404,13164,0,0,0,3,23,43,106,244,1285,0,NA,NA,NA,NA,NA,NA,35,50,72,94,90,84,97,122,0,0,0,0,0,2,1,17,NA,NA,NA,NA,NA,NA
"1:342","1:341","2020-10-17",5664,6946,15277,16763,15424,13999,11307,13042,0,0,0,3,23,43,104,243,1268,0,NA,NA,NA,NA,NA,NA,63,74,131,117,131,121,107,139,0,0,0,0,1,1,3,14,NA,NA,NA,NA,NA,NA
"1:343","1:342","2020-10-16",5601,6872,15146,16646,15293,13878,11200,12903,0,0,0,3,23,42,103,240,1254,0,NA,NA,NA,NA,NA,NA,38,95,118,168,160,149,134,153,0,0,0,0,0,0,1,19,NA,NA,NA,NA,NA,NA
"1:344","1:343","2020-10-15",5563,6777,15028,16478,15133,13729,11066,12750,0,0,0,3,23,42,103,239,1235,0,NA,NA,NA,NA,NA,NA,48,79,168,214,188,164,157,260,0,0,0,0,0,0,2,9,NA,NA,NA,NA,NA,NA
"1:345","1:344","2020-10-14",5515,6698,14860,16264,14945,13565,10909,12490,0,0,0,3,23,42,103,237,1226,0,NA,NA,NA,NA,NA,NA,-21,90,130,204,171,158,151,196,0,0,0,1,0,0,3,19,NA,NA,NA,NA,NA,NA
"1:346","1:345","2020-10-13",5536,6608,14730,16060,14774,13407,10758,12294,0,0,0,3,22,42,103,234,1207,0,NA,NA,NA,NA,NA,NA,94,43,98,89,108,105,53,90,0,0,0,0,0,3,5,17,NA,NA,NA,NA,NA,NA
"1:347","1:346","2020-10-12",5442,6565,14632,15971,14666,13302,10705,12204,0,0,0,3,22,42,100,229,1190,0,NA,NA,NA,NA,NA,NA,34,36,74,105,108,93,86,118,0,0,0,0,0,2,2,13,NA,NA,NA,NA,NA,NA
"1:348","1:347","2020-10-11",5408,6529,14558,15866,14558,13209,10619,12086,0,0,0,3,22,42,98,227,1177,0,NA,NA,NA,NA,NA,NA,35,42,88,109,99,82,70,88,0,0,0,0,1,1,4,11,NA,NA,NA,NA,NA,NA
"1:349","1:348","2020-10-10",5373,6487,14470,15757,14459,13127,10549,11998,0,0,0,3,22,41,97,223,1166,0,NA,NA,NA,NA,NA,NA,74,74,104,136,126,135,107,152,0,0,0,0,1,1,2,18,NA,NA,NA,NA,NA,NA
"1:350","1:349","2020-10-09",5299,6413,14366,15621,14333,12992,10442,11846,0,0,0,3,22,40,96,221,1148,0,NA,NA,NA,NA,NA,NA,72,87,169,193,153,143,173,177,0,0,0,0,1,0,3,23,NA,NA,NA,NA,NA,NA
"1:351","1:350","2020-10-08",5227,6326,14197,15428,14180,12849,10269,11669,0,0,0,3,22,39,96,218,1125,0,NA,NA,NA,NA,NA,NA,54,92,134,165,149,192,146,333,0,0,0,0,0,0,0,21,NA,NA,NA,NA,NA,NA
"1:352","1:351","2020-10-07",5173,6234,14063,15263,14031,12657,10123,11336,0,0,0,3,22,39,96,218,1104,0,NA,NA,NA,NA,NA,NA,45,66,118,103,120,108,110,139,0,0,1,0,0,2,0,10,NA,NA,NA,NA,NA,NA
"1:353","1:352","2020-10-06",5128,6168,13945,15160,13911,12549,10013,11197,0,0,0,2,22,39,94,218,1094,0,NA,NA,NA,NA,NA,NA,40,60,80,95,68,104,86,108,0,0,0,0,1,1,3,17,NA,NA,NA,NA,NA,NA
"1:354","1:353","2020-10-05",5088,6108,13865,15065,13843,12445,9927,11089,0,0,0,2,22,38,93,215,1077,0,NA,NA,NA,NA,NA,NA,33,32,53,58,59,50,57,75,0,0,0,0,0,2,2,18,NA,NA,NA,NA,NA,NA
"1:355","1:354","2020-10-04",5055,6076,13812,15007,13784,12395,9870,11014,0,0,0,2,22,38,91,213,1059,0,NA,NA,NA,NA,NA,NA,40,38,66,85,68,56,58,77,0,0,0,0,0,0,3,15,NA,NA,NA,NA,NA,NA
"1:356","1:355","2020-10-03",5015,6038,13746,14922,13716,12339,9812,10937,0,0,0,2,22,38,91,210,1044,0,NA,NA,NA,NA,NA,NA,48,60,97,100,121,111,93,116,0,0,0,0,0,2,3,11,NA,NA,NA,NA,NA,NA
"1:357","1:356","2020-10-02",4967,5978,13649,14822,13595,12228,9719,10821,0,0,0,2,22,38,89,207,1033,0,NA,NA,NA,NA,NA,NA,40,78,141,144,140,151,109,155,0,0,0,0,1,0,1,5,NA,NA,NA,NA,NA,NA
"1:358","1:357","2020-10-01",4927,5900,13508,14678,13455,12077,9610,10666,0,0,0,2,22,37,89,206,1028,0,NA,NA,NA,NA,NA,NA,56,97,155,172,141,141,143,219,0,0,0,0,1,1,1,12,NA,NA,NA,NA,NA,NA
"1:359","1:358","2020-09-30",4871,5803,13353,14506,13314,11936,9467,10447,0,0,0,2,22,36,88,205,1016,0,NA,NA,NA,NA,NA,NA,60,86,132,153,117,139,136,119,0,0,0,0,0,1,3,15,NA,NA,NA,NA,NA,NA
"1:360","1:359","2020-09-29",4811,5717,13221,14353,13197,11797,9331,10328,0,0,0,2,22,36,87,202,1001,0,NA,NA,NA,NA,NA,NA,38,54,110,105,104,99,91,105,0,0,0,0,0,2,1,18,NA,NA,NA,NA,NA,NA
"1:361","1:360","2020-09-28",4773,5663,13111,14248,13093,11698,9240,10223,0,0,0,2,22,36,85,201,983,0,NA,NA,NA,NA,NA,NA,30,46,123,154,148,94,90,122,0,0,0,0,0,2,2,17,NA,NA,NA,NA,NA,NA
"1:362","1:361","2020-09-27",4743,5617,12988,14094,12945,11604,9150,10101,0,0,0,2,22,36,83,199,966,0,NA,NA,NA,NA,NA,NA,23,37,68,105,69,70,58,57,0,0,0,0,0,0,3,20,NA,NA,NA,NA,NA,NA
"1:363","1:362","2020-09-26",4720,5580,12920,13989,12876,11534,9092,10044,0,0,0,2,22,36,83,196,946,0,NA,NA,NA,NA,NA,NA,46,49,105,133,145,134,103,94,0,0,0,0,-1,1,1,18,NA,NA,NA,NA,NA,NA
"1:364","1:363","2020-09-25",4674,5531,12815,13856,12731,11400,8989,9950,0,0,0,2,22,37,82,195,928,0,NA,NA,NA,NA,NA,NA,53,92,148,143,120,118,89,134,0,0,0,0,0,0,1,19,NA,NA,NA,NA,NA,NA
"1:365","1:364","2020-09-24",4621,5439,12667,13713,12611,11282,8900,9816,0,0,0,2,22,37,82,194,909,0,NA,NA,NA,NA,NA,NA,40,93,202,150,142,141,130,188,0,0,0,0,1,0,3,13,NA,NA,NA,NA,NA,NA
"1:366","1:365","2020-09-23",4581,5346,12465,13563,12469,11141,8770,9628,0,0,0,2,22,36,82,191,896,0,NA,NA,NA,NA,NA,NA,54,77,164,146,131,152,110,148,0,0,0,1,0,2,3,14,NA,NA,NA,NA,NA,NA
"1:367","1:366","2020-09-22",4527,5269,12301,13417,12338,10989,8660,9480,0,0,0,2,21,36,80,188,882,0,NA,NA,NA,NA,NA,NA,42,31,120,104,83,89,61,87,0,0,0,0,0,1,2,9,NA,NA,NA,NA,NA,NA
"1:368","1:367","2020-09-21",4485,5238,12181,13313,12255,10900,8599,9393,0,0,0,2,21,36,79,186,873,0,NA,NA,NA,NA,NA,NA,46,70,109,95,77,69,73,102,0,0,0,0,2,0,1,13,NA,NA,NA,NA,NA,NA
"1:369","1:368","2020-09-20",4439,5168,12072,13218,12178,10831,8526,9291,0,0,0,2,21,34,79,185,860,0,NA,NA,NA,NA,NA,NA,19,52,92,85,102,83,57,73,0,0,0,0,0,0,0,0,NA,NA,NA,NA,NA,NA
"1:370","1:369","2020-09-19",4420,5116,11980,13133,12076,10748,8469,9218,0,0,0,2,21,34,79,185,860,0,NA,NA,NA,NA,NA,NA,64,117,274,136,142,120,112,113,0,0,0,0,0,0,0,8,NA,NA,NA,NA,NA,NA
"1:371","1:370","2020-09-18",4356,4999,11706,12997,11934,10628,8357,9105,0,0,0,2,21,34,79,185,852,0,NA,NA,NA,NA,NA,NA,35,66,166,154,133,118,99,100,0,0,0,0,0,0,0,7,NA,NA,NA,NA,NA,NA
"1:372","1:371","2020-09-17",4321,4933,11540,12843,11801,10510,8258,9005,0,0,0,2,21,34,79,185,845,0,NA,NA,NA,NA,NA,NA,47,88,235,142,121,120,108,121,0,0,0,2,0,0,1,6,NA,NA,NA,NA,NA,NA
"1:373","1:372","2020-09-16",4274,4845,11305,12701,11680,10390,8150,8884,0,0,0,2,19,34,79,184,839,0,NA,NA,NA,NA,NA,NA,46,65,109,95,107,110,92,108,0,0,0,0,1,0,3,3,NA,NA,NA,NA,NA,NA
"1:374","1:373","2020-09-15",4228,4780,11196,12606,11573,10280,8058,8776,0,0,0,2,19,33,79,181,836,0,NA,NA,NA,NA,NA,NA,40,70,165,85,94,106,114,196,0,0,1,3,4,8,25,117,NA,NA,NA,NA,NA,NA
"1:375","1:374","2020-09-14",4188,4710,11031,12521,11479,10174,7944,8580,0,0,0,1,16,29,71,156,719,0,NA,NA,NA,NA,NA,NA,25,24,78,54,49,54,54,70,0,0,0,0,0,1,1,9,NA,NA,NA,NA,NA,NA
"1:376","1:375","2020-09-13",4163,4686,10953,12467,11430,10120,7890,8510,0,0,0,1,16,29,70,155,710,0,NA,NA,NA,NA,NA,NA,23,32,119,80,56,55,45,99,0,0,0,0,0,2,0,10,NA,NA,NA,NA,NA,NA
